date,flows,bytes,packets
2013-04-03 00:05,432,1099120,16830
2013-04-03 00:10,467,1002104,15268
2013-04-03 00:15,322,1312612,20370
2013-04-03 00:20,282,558153,8446
2013-04-03 00:25,363,1383553,21768
2013-04-03 00:30,530,1617695,24895
2013-04-03 00:35,469,2075926,32752
2013-04-03 00:40,371,1754739,27554
2013-04-03 00:45,522,1591510,24631
2013-04-03 00:50,461,1022716,15647
2013-04-03 00:55,332,460105,6818
2013-04-03 00:59,479,1175582,18219
2013-04-03 01:05,305,598865,9232
2013-04-03 01:10,391,787763,12006
2013-04-03 01:15,581,1204793,18631
2013-04-03 01:20,372,1320169,20621
2013-04-03 01:25,430,970564,15220
2013-04-03 01:30,264,470159,7139
2013-04-03 01:35,370,1325596,21063
2013-04-03 01:40,423,904017,13855
2013-04-03 01:45,286,898757,13851
2013-04-03 01:50,266,292335,4187
2013-04-03 01:55,324,737072,11403
2013-04-03 01:59,216,382336,5762
2013-04-03 02:05,311,1124689,17487
2013-04-03 02:10,378,926906,14206
2013-04-03 02:15,358,791346,12219
2013-04-03 02:20,405,455092,6851
2013-04-03 02:25,387,584254,8806
2013-04-03 02:30,340,438110,6545
2013-04-03 02:35,321,282244,4039
2013-04-03 02:40,326,308251,4500
2013-04-03 02:45,379,317729,4560
2013-04-03 02:50,360,749658,11553
2013-04-03 02:55,332,651433,10006
2013-04-03 02:59,284,530962,8168
2013-04-03 03:05,397,500646,7529
2013-04-03 03:10,268,532695,8058
2013-04-03 03:15,379,475547,7090
2013-04-03 03:20,369,361383,5348
2013-04-03 03:25,452,657599,10049
2013-04-03 03:30,358,528530,8154
2013-04-03 03:35,319,680739,10642
2013-04-03 03:40,362,501892,7527
2013-04-03 03:45,413,857543,13206
2013-04-03 03:50,350,675155,10297
2013-04-03 03:55,415,950421,15049
2013-04-03 03:59,302,920522,14180
2013-04-03 04:05,310,323445,4521
2013-04-03 04:10,396,826021,12483
2013-04-03 04:15,368,1025003,15611
2013-04-03 04:20,316,730936,11040
2013-04-03 04:25,746,918617,14363
2013-04-03 04:30,414,1876573,29647
2013-04-03 04:35,340,987325,15482
2013-04-03 04:40,346,596510,8782
2013-04-03 04:45,415,892300,13626
2013-04-03 04:50,349,945474,14982
2013-04-03 04:55,377,598712,9206
2013-04-03 04:59,802,1128852,17561
2013-04-03 05:05,370,1677976,26552
2013-04-03 05:10,295,518443,7606
2013-04-03 05:15,358,923652,14328
2013-04-03 05:20,414,735804,11016
2013-04-03 05:25,253,470919,7197
2013-04-03 05:30,506,388015,5755
2013-04-03 05:35,434,642833,9853
2013-04-03 05:40,303,442569,6744
2013-04-03 05:45,339,686055,10517
2013-04-03 05:50,361,783286,11962
2013-04-03 05:55,332,1017350,15833
2013-04-03 05:59,408,922512,14296
2013-04-03 06:05,332,1006662,12760
2013-04-03 06:10,411,1032217,15652
2013-04-03 06:15,254,868837,13485
2013-04-03 06:20,261,568179,8809
2013-04-03 06:25,196,330412,5003
2013-04-03 06:30,62,29630,340
2013-04-03 06:35,962,281687,2076
2013-04-03 06:40,5990,1454911,9792
2013-04-03 06:45,1655,454229,3124
2013-04-03 06:50,11455,14089610,75141
2013-04-03 06:55,24159,15553602,141160
2013-04-03 06:59,19200,11033559,102272
2013-04-03 07:05,23163,15552184,139616
2013-04-03 07:10,22656,14433931,135198
2013-04-03 07:15,22232,13914771,135737
2013-04-03 07:20,21489,14384076,135669
2013-04-03 07:25,20654,13675950,121959
2013-04-03 07:30,20558,12833878,115052
2013-04-03 07:35,19833,12688357,115568
2013-04-03 07:40,19392,13053290,117341
2013-04-03 07:45,19302,13221831,121507
2013-04-03 07:50,18803,12854704,110503
2013-04-03 07:55,18150,14202816,113500
2013-04-03 07:59,16187,131246833,184808
2013-04-03 08:05,17351,12672269,122146
2013-04-03 08:10,16513,11670419,108059
2013-04-03 08:15,16112,12004146,114805
2013-04-03 08:20,16008,11809132,111421
2013-04-03 08:25,15092,12719679,126552
2013-04-03 08:30,14878,11600581,110026
2013-04-03 08:35,14209,12230036,123822
2013-04-03 08:40,13610,11003258,103397
2013-04-03 08:45,13381,10930386,101585
2013-04-03 08:50,12844,11570426,114889
2013-04-03 08:55,12392,10564754,99606
2013-04-03 08:59,9789,8001326,71990
2013-04-03 09:05,11221,9651143,85903
2013-04-03 09:10,11037,9975552,93856
2013-04-03 09:15,10587,8536279,71772
2013-04-03 09:20,9987,8661734,74008
2013-04-03 09:25,9156,8957162,80394
2013-04-03 09:30,47144,19270498,255786
2013-04-03 09:35,1075337,315650724,5240501
2013-04-03 09:40,1319218,379039436,6299213
2013-04-03 09:45,1290196,365674853,6062009
2013-04-03 09:50,1292550,357607982,5924093
2013-04-03 09:55,1317919,365586340,6059300
2013-04-03 09:59,1069214,295912886,4901790
2013-04-03 10:05,1264777,349479033,5781776
2013-04-03 10:10,1144852,358104025,5629715
2013-04-03 10:15,725196,396841718,4769997
2013-04-03 10:20,640916,399050120,4639655
2013-04-03 10:25,596492,448861124,4577735
2013-04-03 10:30,606940,552317364,4659633
2013-04-03 10:35,603646,501103763,4536295
2013-04-03 10:40,562326,486468403,4522214
2013-04-03 10:45,555834,465112456,4442143
2013-04-03 10:50,482915,410346367,4098345
2013-04-03 10:55,460393,367772918,4024883
2013-04-03 10:59,356682,319849815,3176801
2013-04-03 11:05,410342,414853631,3821481
2013-04-03 11:10,377510,375087335,3683325
2013-04-03 11:15,360787,400198737,3655495
2013-04-03 11:20,363786,392444150,3620489
2013-04-03 11:25,341034,334382875,3501840
2013-04-03 11:30,329285,298261950,3475756
2013-04-03 11:35,310232,304985729,3340660
2013-04-03 11:40,289816,339014366,3390167
2013-04-03 11:45,207488,252221812,2880656
2013-04-03 11:50,133713,194579178,2634522
2013-04-03 11:55,29398,187089847,2052077
2013-04-03 11:59,23397,130842667,1739398
2013-04-03 12:05,33204,157716637,2089323
2013-04-03 12:10,31710,159294478,2068557
2013-04-03 12:15,29915,161538319,2068595
2013-04-03 12:20,20403,151775721,2108297
2013-04-03 12:25,19488,133441024,1983134
2013-04-03 12:30,30385,108706634,1910809
2013-04-03 12:35,30737,107296536,1891167
2013-04-03 12:40,33309,102160195,1802684
2013-04-03 12:45,30598,113803294,1763550
2013-04-03 12:50,38925,93561147,1594054
2013-04-03 12:55,35316,94720673,1670959
2013-04-03 12:59,29848,76342919,1349089
2013-04-03 13:05,37416,94738854,1675477
2013-04-03 13:10,40968,84778891,1498664
2013-04-03 13:15,37544,88474630,1565499
2013-04-03 13:20,42670,78478018,1386188
2013-04-03 13:25,40360,77548157,1370497
2013-04-03 13:30,37517,80781873,1429490
2013-04-03 13:35,36633,75861226,1342191
2013-04-03 13:40,42781,77085055,1364609
2013-04-03 13:45,39393,74540159,1319374
2013-04-03 13:50,44388,57743107,1016299
2013-04-03 13:55,39599,65505641,1160292
2013-04-03 13:59,32713,60095019,1066873
2013-04-03 14:05,41270,66233710,1172076
2013-04-03 14:10,42792,58489647,1032008
2013-04-03 14:15,41563,63999448,1131006
2013-04-03 14:20,44554,57270702,1007432
2013-04-03 14:25,45162,65180008,1151090
2013-04-03 14:30,47350,55867797,984163
2013-04-03 14:35,48075,46445369,814336
2013-04-03 14:40,47698,51258302,903476
2013-04-03 14:45,47786,50080980,882964
2013-04-03 14:50,49718,40378151,704660
2013-04-03 14:55,47826,46195028,812227
2013-04-03 14:59,41161,36944040,648369
2013-04-03 15:05,47026,49332974,731500
2013-04-03 15:10,47101,34584275,601071
2013-04-03 15:15,47195,32801166,568419
2013-04-03 15:20,48807,30200939,526813
2013-04-03 15:25,45129,13557497,227651
2013-04-03 15:30,45338,13585133,228108
2013-04-03 15:35,47121,14096363,236949
2013-04-03 15:40,47140,14085848,236702
2013-04-03 15:45,45119,13522844,227116
2013-04-03 15:50,45097,13452246,226202
2013-04-03 15:55,47068,14036328,235964
2013-04-03 15:59,38939,11629288,195471
2013-04-03 16:05,45178,13466316,226280
2013-04-03 16:10,47254,14118083,237276
2013-04-03 16:15,47297,14075612,236534
2013-04-03 16:20,45488,13519086,227184
2013-04-03 16:25,45096,13472916,226381
2013-04-03 16:30,47170,14097089,236844
2013-04-03 16:35,45166,13486057,226602
2013-04-03 16:40,45155,13457411,226152
2013-04-03 16:45,47029,14070014,236452
2013-04-03 16:50,47156,14141577,237634
2013-04-03 16:55,45217,13655518,229307
2013-04-03 16:59,37000,11083600,186194
2013-04-03 17:05,47087,14044656,236063
2013-04-03 17:10,45316,13470762,226333
2013-04-03 17:15,45367,13573189,227807
2013-04-03 17:20,47599,14285193,239657
2013-04-03 17:25,47251,14161942,237851
2013-04-03 17:30,45149,13519855,227076
2013-04-03 17:35,45129,13510764,226992
2013-04-03 17:40,47191,14148878,237704
2013-04-03 17:45,47343,14193595,238211
2013-04-03 17:50,45274,13573970,227938
2013-04-03 17:55,45134,13560402,227620
2013-04-03 17:59,39036,11687367,196254
2013-04-03 18:05,45114,13529260,227301
2013-04-03 18:10,45241,13507914,226940
2013-04-03 18:15,47415,14081192,236599
2013-04-03 18:20,45872,13628958,228749
2013-04-03 18:25,45343,13665525,229420
2013-04-03 18:30,47310,14173480,238017
2013-04-03 18:35,47181,14163522,237846
2013-04-03 18:40,45077,13505902,226820
2013-04-03 18:45,45077,13468563,226193
2013-04-03 18:50,47253,14080754,236562
2013-04-03 18:55,45114,13494061,226656
2013-04-03 18:59,37060,11120908,186759
2013-04-03 19:05,47293,14183427,238274
2013-04-03 19:10,47484,14359111,241090
2013-04-03 19:15,45328,13625718,228714
2013-04-03 19:20,47764,14397166,241447
2013-04-03 19:25,47198,14226413,238825
2013-04-03 19:30,47364,14313793,240250
2013-04-03 19:35,45194,13637756,229058
2013-04-03 19:40,47146,14157863,237803
2013-04-03 19:45,47190,14230112,238945
2013-04-03 19:50,45277,13634043,228932
2013-04-03 19:55,45081,13521077,227172
2013-04-03 19:59,39138,11754001,197305
2013-04-03 20:05,45227,13622990,228803
2013-04-03 20:10,45468,13815911,231863
2013-04-03 20:15,47523,14307519,240075
2013-04-03 20:20,47736,14257583,239247
2013-04-03 20:25,45209,13674733,229587
2013-04-03 20:30,45307,13760378,230835
2013-04-03 20:35,47514,14476648,242726
2013-04-03 20:40,45339,13734723,230417
2013-04-03 20:45,45115,13596862,228280
2013-04-03 20:50,47259,14200889,238488
2013-04-03 20:55,47145,14134937,237482
2013-04-03 20:59,38922,11669565,196024
2013-04-03 21:05,45202,13613222,228613
2013-04-03 21:10,47254,14249000,239280
2013-04-03 21:15,45342,13617385,228509
2013-04-03 21:20,45554,13648646,229082
2013-04-03 21:25,47148,14112877,237122
2013-04-03 21:30,47260,14206217,238461
2013-04-03 21:35,45200,13541498,227465
2013-04-03 21:40,45193,13553670,227678
2013-04-03 21:45,47249,14192980,238294
2013-04-03 21:50,45231,13545958,227459
2013-04-03 21:55,45094,13504572,226895
2013-04-03 21:59,38939,11655242,195797
2013-04-03 22:05,47221,14053963,236225
2013-04-03 22:10,45150,13449475,226099
2013-04-03 22:15,45126,13437725,225759
2013-04-03 22:20,47565,14256045,239245
2013-04-03 22:25,47138,14110888,237057
2013-04-03 22:30,45172,13612932,228617
2013-04-03 22:35,45267,13694113,229886
2013-04-03 22:40,47178,14167732,238016
2013-04-03 22:45,45352,13715566,230258
2013-04-03 22:50,45263,13570483,228013
2013-04-03 22:55,47381,14180227,238151
2013-04-03 22:59,39043,11725653,197055
2013-04-03 23:05,45202,13568726,227917
2013-04-03 23:10,45149,13499182,226782
2013-04-03 23:15,47341,14223814,238949
2013-04-03 23:20,47590,14217114,238727
2013-04-03 23:25,45154,13503698,226933
2013-04-03 23:30,45005,13457039,226144
2013-04-03 23:35,47106,14066328,236338
2013-04-03 23:40,47025,14065093,236406
2013-04-03 23:45,45128,13540765,227484
2013-04-03 23:50,45091,13521410,227264
2013-04-03 23:55,47252,14191494,238451
2013-04-03 23:57,21616,6482011,108933
2013-04-04 00:15,30896,9225224,154955
2013-04-04 00:20,45422,13509592,226957
2013-04-04 00:25,45230,13532479,227398
2013-04-04 00:30,47113,14157076,237948
2013-04-04 00:35,47299,14167697,238059
2013-04-04 00:40,44983,13464090,226358
2013-04-04 00:45,47114,14068979,236485
2013-04-04 00:50,47207,14157362,237871
2013-04-04 00:55,45180,13596554,228475
2013-04-04 00:59,36852,11122110,186848
2013-04-04 01:05,47167,14166080,238026
2013-04-04 01:10,47282,14114043,237083
2013-04-04 01:15,45262,13481145,226502
2013-04-04 01:20,45351,13447093,225930
2013-04-04 01:25,47198,14089188,236809
2013-04-04 01:30,47009,14037290,235897
2013-04-04 01:35,45098,13463879,226210
2013-04-04 01:40,44919,13374227,224937
2013-04-04 01:45,47102,14061841,236370
2013-04-04 01:50,45073,13431433,225882
2013-04-04 01:55,45073,13462173,226228
2013-04-04 01:59,38767,11612658,195120
2013-04-04 02:05,47156,14124743,237255
2013-04-04 02:10,45037,13489862,226707
2013-04-04 02:15,45157,13495490,226719
2013-04-04 02:20,47536,14134180,237356
2013-04-04 02:25,47152,14055838,236284
2013-04-04 02:30,45150,13508029,227099
2013-04-04 02:35,45074,13497092,226781
2013-04-04 02:40,47093,14053525,236192
2013-04-04 02:45,47096,14046444,236144
2013-04-04 02:50,45051,13406341,225317
2013-04-04 02:55,47117,14022317,235806
2013-04-04 02:59,38836,11556603,194321
2013-04-04 03:05,45156,13470453,226267
2013-04-04 03:10,45024,13402900,225328
2013-04-04 03:15,47259,14175373,238137
2013-04-04 03:20,47385,14066332,236297
2013-04-04 03:25,45277,13485382,226608
2013-04-04 03:30,45088,13494384,226771
2013-04-04 03:35,47159,14059802,236392
2013-04-04 03:40,45074,13410960,225496
2013-04-04 03:45,45033,13426707,225704
2013-04-04 03:50,47135,14137827,237475
2013-04-04 03:55,47143,14090982,236826
2013-04-04 03:59,38946,11718280,196820
2013-04-04 04:05,45087,13495340,226753
2013-04-04 04:10,47010,14079016,236557
2013-04-04 04:15,47159,14076288,236443
2013-04-04 04:20,45502,13559641,227533
2013-04-04 04:25,45094,13496521,226820
2013-04-04 04:30,47014,14055651,236297
2013-04-04 04:35,47201,14144089,237636
2013-04-04 04:40,45099,13591546,228295
2013-04-04 04:45,47268,14300277,240146
2013-04-04 04:50,47124,14184487,238251
2013-04-04 04:55,45283,13593870,228283
2013-04-04 04:59,36858,11044226,185572
2013-04-04 05:05,47304,14179064,238183
2013-04-04 05:10,47149,14160673,237902
2013-04-04 05:15,45215,13528567,227343
2013-04-04 05:20,45546,13540063,227403
2013-04-04 05:25,47309,14157292,237821
2013-04-04 05:30,45082,13464005,226324
2013-04-04 05:35,45164,13553775,227692
2013-04-04 05:40,46059,13754738,231081
2013-04-04 05:45,47097,14097144,236960
2013-04-04 05:50,44987,13422571,225638
2013-04-04 05:55,45152,13500650,226873
2013-04-04 05:59,38996,11724424,196962
2013-04-04 06:05,47081,14035946,235961
2013-04-04 06:10,45020,13424478,225764
2013-04-04 06:15,45261,13522716,227324
2013-04-04 06:20,47507,14123296,237222
2013-04-04 06:25,45309,13500549,226877
2013-04-04 06:30,45107,13430595,225847
2013-04-04 06:35,47113,14018405,235744
2013-04-04 06:40,47182,14050934,236215
2013-04-04 06:45,45141,13480111,226495
2013-04-04 06:50,44798,13328688,224019
2013-04-04 06:55,49674,14554412,238318
2013-04-04 06:59,44201,12829796,202367
2013-04-04 07:05,40880,45145661,643815
2013-04-04 07:10,35620,154033194,2015642
2013-04-04 07:15,28456,228674969,2049702
2013-04-04 07:20,26391,288331209,2068037
2013-04-04 07:25,30150,313462125,2114679
2013-04-04 07:30,25143,301661187,2028355
2013-04-04 07:35,25159,279698302,2069088
2013-04-04 07:40,20243,219542557,1996660
2013-04-04 07:45,17858,232500955,2008338
2013-04-04 07:50,13670,318942981,2098460
2013-04-04 07:55,12664,313676193,2080768
2013-04-04 07:59,10352,151908305,1644958
2013-04-04 08:05,12233,184184317,1992752
2013-04-04 08:10,11524,196958267,2005265
2013-04-04 08:15,11056,211475040,2028457
2013-04-04 08:20,10953,194987292,1986949
2013-04-04 08:25,15304,162208969,1794267
2013-04-04 08:30,11037,85431902,911859
2013-04-04 08:35,9694,94250781,1046383
2013-04-04 08:40,9802,90946551,1271049
2013-04-04 08:45,9277,91786210,1257297
2013-04-04 08:50,9030,130143703,1531427
2013-04-04 08:55,9078,120936099,1936765
2013-04-04 08:59,7392,105984837,1601648
2013-04-04 09:05,7940,73767635,1255420
2013-04-04 09:10,7432,72919828,1246913
2013-04-04 09:15,7789,74162999,1268116
2013-04-04 09:20,7131,75806965,1296150
2013-04-04 09:25,7070,71401496,1218998
2013-04-04 09:30,7445,71618750,1224635
2013-04-04 09:35,6447,60736567,1028986
2013-04-04 09:40,6048,62642943,1060199
2013-04-04 09:45,6030,60947099,1031632
2013-04-04 09:50,6567,61136314,1036130
2013-04-04 09:55,6521,63878573,1084373
2013-04-04 09:59,6530,61785041,1052984
2013-04-04 10:05,7767,77553348,1321098
2013-04-04 10:10,8356,84927678,1451556
2013-04-04 10:15,7900,80330072,1379150
2013-04-04 10:20,8260,79284241,1352577
2013-04-04 10:25,8993,104933999,1795957
2013-04-04 10:30,9250,108351678,1853104
2013-04-04 10:35,9234,101227688,1734946
2013-04-04 10:40,9535,101967066,1742189
2013-04-04 10:45,9596,108928103,1844592
2013-04-04 10:50,9716,111704698,1885339
2013-04-04 10:55,10322,114812068,1914876
2013-04-04 10:59,8596,92575096,1565903
2013-04-04 11:05,10384,112251686,1891606
2013-04-04 11:10,10469,111391592,1878901
2013-04-04 11:15,10616,113458092,1911564
2013-04-04 11:20,11009,114094893,1889181
2013-04-04 11:25,10802,123412864,1922057
2013-04-04 11:30,8952,41289355,634804
2013-04-04 11:35,8665,79989581,745743
2013-04-04 11:40,8999,115716250,1311654
2013-04-04 11:45,9344,79872162,1360849
2013-04-04 11:50,9045,56395604,955647
2013-04-04 11:55,9168,59634812,1012107
2013-04-04 11:59,7703,53400804,911141
2013-04-04 12:05,9491,66428921,1132260
2013-04-04 12:10,9711,80004929,1374127
2013-04-04 12:15,9441,67579797,1155301
2013-04-04 12:20,9093,63097094,1075316
2013-04-04 12:25,8874,58366874,985774
2013-04-04 12:30,8783,64158192,1092799
2013-04-04 12:35,8597,55323977,939729
2013-04-04 12:40,8115,54165513,915298
2013-04-04 12:45,7807,52056700,878357
2013-04-04 12:50,7503,49064302,826444
2013-04-04 12:55,7280,42326108,705632
2013-04-04 12:59,5930,40206265,673266
2013-04-04 13:05,6842,54573978,925794
2013-04-04 13:10,6449,44857437,752982
2013-04-04 13:15,6279,45051708,753711
2013-04-04 13:20,5824,36492400,599524
2013-04-04 13:25,5607,40410031,673791
2013-04-04 13:30,5482,34409242,565581
2013-04-04 13:35,5341,34798899,561253
2013-04-04 13:40,4678,29141979,469557
2013-04-04 13:45,4503,29809533,484242
2013-04-04 13:50,4243,29499458,480354
2013-04-04 13:55,4106,25335078,401475
2013-04-04 13:59,3191,19351306,302152
2013-04-04 14:05,3521,19634671,300043
2013-04-04 14:10,3297,21827633,340050
2013-04-04 14:15,2967,20696066,320215
2013-04-04 14:20,3130,15913380,230409
2013-04-04 14:25,3280,19554445,298978
2013-04-04 14:30,3441,23974288,379646
2013-04-04 14:35,3571,18179060,259325
2013-04-04 14:40,3690,22537967,352752
2013-04-04 14:45,3613,23326747,367018
2013-04-04 14:50,3352,20437550,314434
2013-04-04 14:55,3226,21112006,326212
2013-04-04 14:59,2465,19133127,301118
2013-04-04 15:05,2852,18738612,284908
2013-04-04 15:10,2627,14874368,213731
2013-04-04 15:15,2527,18731340,284503
2013-04-04 15:20,2441,14288029,204244
2013-04-04 15:25,2372,17099375,256535
2013-04-04 15:30,2308,13471123,188233
2013-04-04 15:35,1594,9934672,140779
2013-04-04 15:40,502,265062,3926
2013-04-04 15:45,391,423746,6623
2013-04-04 15:50,561,549646,8376
2013-04-04 15:55,352,384554,5939
2013-04-04 15:59,157,117099,1704
2013-04-04 16:05,315,187191,2748
2013-04-04 16:10,256,220206,3338
2013-04-04 16:15,295,293427,4456
2013-04-04 16:20,251,230704,3358
2013-04-04 16:25,282,240210,3578
2013-04-04 16:30,372,364499,5532
2013-04-04 16:35,448,301039,4427
2013-04-04 16:40,868,333872,4840
2013-04-04 16:45,337,235318,3444
2013-04-04 16:50,314,333043,4970
2013-04-04 16:55,412,385789,5855
2013-04-04 16:59,264,161114,2296
2013-04-04 17:05,305,311235,4757
2013-04-04 17:10,431,313040,4654
2013-04-04 17:15,338,316732,4760
2013-04-04 17:20,357,343100,5062
2013-04-04 17:25,266,233134,3438
2013-04-04 17:30,337,319892,4850
2013-04-04 17:35,324,209210,3094
2013-04-04 17:40,803,394297,6057
2013-04-04 17:45,680,248528,3594
2013-04-04 17:50,240,233415,3400
2013-04-04 17:55,249,233688,3507
2013-04-04 17:59,224,230307,3527
2013-04-04 18:05,412,312562,4673
2013-04-04 18:10,365,282710,4187
2013-04-04 18:15,216,181230,2681
2013-04-04 18:20,320,215412,3031
2013-04-04 18:25,304,262497,3885
2013-04-04 18:30,279,226141,3264
2013-04-04 18:35,320,292002,4334
2013-04-04 18:40,519,252311,3678
2013-04-04 18:45,587,206860,2952
2013-04-04 18:50,298,210096,2977
2013-04-04 18:55,407,226260,3258
2013-04-04 18:59,172,133407,1919
2013-04-04 19:05,286,237055,3439
2013-04-04 19:10,277,250476,3694
2013-04-04 19:15,356,253390,3684
2013-04-04 19:20,289,261402,3759
2013-04-04 19:25,243,175163,2471
2013-04-04 19:30,316,224005,3222
2013-04-04 19:35,392,353747,5327
2013-04-04 19:40,444,398969,6049
2013-04-04 19:45,689,244823,3513
2013-04-04 19:50,530,334145,4905
2013-04-04 19:55,339,303059,4519
2013-04-04 19:59,203,154781,2201
2013-04-04 20:05,346,291852,4348
2013-04-04 20:10,385,347631,5110
2013-04-04 20:15,407,389743,5819
2013-04-04 20:20,394,334640,4821
2013-04-04 20:25,396,309236,4571
2013-04-04 20:30,348,365350,5598
2013-04-04 20:35,494,426833,6455
2013-04-04 20:40,351,337033,5084
2013-04-04 20:45,766,315686,4703
2013-04-04 20:50,619,410076,6106
2013-04-04 20:55,393,386769,5900
2013-04-04 20:59,211,185323,2755
2013-04-04 21:05,332,332315,5036
2013-04-04 21:10,359,204005,2894
2013-04-04 21:15,308,300850,4540
2013-04-04 21:20,337,351429,5219
2013-04-04 21:25,466,461054,6932
2013-04-04 21:30,361,280165,4157
2013-04-04 21:35,339,258886,3863
2013-04-04 21:40,204,157581,2270
2013-04-04 21:45,536,340780,5059
2013-04-04 21:50,705,300180,4359
2013-04-04 21:55,424,297463,4358
2013-04-04 21:59,286,265562,3961
2013-04-04 22:05,306,2495582,6496
2013-04-04 22:10,374,10907965,16899
2013-04-04 22:15,381,10389539,16881
2013-04-04 22:20,464,10479944,18317
2013-04-04 22:25,325,10343631,16329
2013-04-04 22:30,330,10319209,15866
2013-04-04 22:35,370,10328382,16033
2013-04-04 22:40,419,10357855,16264
2013-04-04 22:45,457,10345379,16023
2013-04-04 22:50,695,10333378,15981
2013-04-04 22:55,669,10302621,15546
2013-04-04 22:59,322,8622427,13470
2013-04-04 23:05,276,7730882,11736
2013-04-04 23:10,235,174684,2514
2013-04-04 23:15,293,264305,3899
2013-04-04 23:20,269,235952,3337
2013-04-04 23:25,300,224771,3311
2013-04-04 23:30,380,264929,3946
2013-04-04 23:35,251,245953,3738
2013-04-04 23:40,210,166414,2396
2013-04-04 23:45,166,148624,2208
2013-04-04 23:50,676,258910,3814
2013-04-04 23:55,706,246422,3663
2013-04-04 23:59,199,119207,1686
2013-04-05 00:05,185,139469,1995
2013-04-05 00:10,295,267062,4022
2013-04-05 00:15,241,227512,3400
2013-04-05 00:20,209,197951,2854
2013-04-05 00:25,156,106933,1554
2013-04-05 00:30,196,176790,2662
2013-04-05 00:35,251,137337,1968
2013-04-05 00:40,134,80399,1084
2013-04-05 00:45,178,150591,2210
2013-04-05 00:50,312,195921,2865
2013-04-05 00:55,653,221682,3319
2013-04-05 00:59,392,192286,2808
2013-04-05 01:05,177,141664,2063
2013-04-05 01:10,297,151018,2206
2013-04-05 01:15,206,203808,3131
2013-04-05 01:20,200,205050,3018
2013-04-05 01:25,187,175350,2650
2013-04-05 01:30,179,135346,2007
2013-04-05 01:35,213,224642,3477
2013-04-05 01:40,233,212119,3156
2013-04-05 01:45,359,205288,2904
2013-04-05 01:50,326,253241,3685
2013-04-05 01:55,597,167290,2369
2013-04-05 01:59,497,98377,1366
2013-04-05 02:05,278,199473,2964
2013-04-05 02:10,145,113925,1680
2013-04-05 02:15,202,144789,2124
2013-04-05 02:20,238,159288,2273
2013-04-05 02:25,192,151654,2200
2013-04-05 02:30,155,113805,1633
2013-04-05 02:35,137,81769,1112
2013-04-05 02:40,185,131635,1861
2013-04-05 02:45,200,130453,1813
2013-04-05 02:50,161,88690,1151
2013-04-05 02:55,600,189842,2737
2013-04-05 02:59,727,153698,2245
2013-04-05 03:05,170,103077,1477
2013-04-05 03:10,194,141280,2109
2013-04-05 03:15,188,161423,2381
2013-04-05 03:20,201,216927,3238
2013-04-05 03:25,298,166459,2354
2013-04-05 03:30,201,158280,2328
2013-04-05 03:35,197,181960,2739
2013-04-05 03:40,143,106337,1528
2013-04-05 03:45,161,95914,1316
2013-04-05 03:50,136,103404,1378
2013-04-05 03:55,299,234360,3438
2013-04-05 03:59,499,199242,2958
2013-04-05 04:05,245,100601,1411
2013-04-05 04:10,126,78835,1072
2013-04-05 04:15,139,91198,1244
2013-04-05 04:20,207,108829,1407
2013-04-05 04:25,272,220810,3248
2013-04-05 04:30,251,243043,3691
2013-04-05 04:35,257,154861,2271
2013-04-05 04:40,321,276016,4100
2013-04-05 04:45,286,233790,3441
2013-04-05 04:50,170,147647,2065
2013-04-05 04:55,171,133952,1827
2013-04-05 04:59,418,120518,1757
2013-04-05 05:05,631,276395,4177
2013-04-05 05:10,266,205098,3023
2013-04-05 05:15,286,248008,3616
2013-04-05 05:20,211,184023,2634
2013-04-05 05:25,216,167202,2376
2013-04-05 05:30,198,127452,1853
2013-04-05 05:35,183,162741,2410
2013-04-05 05:40,234,125610,1790
2013-04-05 05:45,292,127189,1800
2013-04-05 05:50,175,154167,2259
2013-04-05 05:55,184,186032,2705
2013-04-05 05:59,273,132011,1924
2013-04-05 06:05,725,155509,2298
2013-04-05 06:10,225,123262,1803
2013-04-05 06:15,234,148283,2133
2013-04-05 06:20,223,135204,1936
2013-04-05 06:25,140,119042,1625
2013-04-05 06:30,105,73393,1045
2013-04-05 06:35,158,124763,1834
2013-04-05 06:40,212,129001,1817
2013-04-05 06:45,1207,281146,2026
2013-04-05 06:50,6005,1417120,9381
2013-04-05 06:54,7,1395,7
2013-04-05 06:59,2357,5800748,97784
2013-04-05 07:05,27099,121031678,1813035
2013-04-05 07:10,27723,204437320,2080147
2013-04-05 07:15,26967,236637252,2090661
2013-04-05 07:20,28851,258198432,2080446
2013-04-05 07:25,26000,191530562,1722163
2013-04-05 07:30,21840,194722495,1765586
2013-04-05 07:35,18833,193996317,1876325
2013-04-05 07:40,18717,210677520,1958712
2013-04-05 07:45,14082,315242196,2089172
2013-04-05 07:50,12958,310410558,2035670
2013-04-05 07:55,13074,205007184,2007784
2013-04-05 07:59,10352,126242707,1596501
2013-04-05 08:05,11490,188880553,2032200
2013-04-05 08:10,15148,139887115,1395084
2013-04-05 08:15,10717,88549389,709683
2013-04-05 08:20,9920,142314213,1161711
2013-04-05 08:25,13034,122188828,1367358
2013-04-05 08:30,14889,108194940,899094
2013-04-05 08:35,8704,93140682,943283
2013-04-05 08:40,8149,92997693,1085162
2013-04-05 08:45,8861,99259841,1441935
2013-04-05 08:50,9138,104070346,1745110
2013-04-05 08:55,9390,108093313,1838022
2013-04-05 08:59,7079,80467065,1356765
2013-04-05 09:05,7429,76296725,1284495
2013-04-05 09:10,5785,37633517,622488
2013-04-05 09:15,5768,39639581,660621
2013-04-05 09:20,5503,29702433,480025
2013-04-05 09:25,5317,30234002,488950
2013-04-05 09:30,5061,35067803,577561
2013-04-05 09:35,4686,27887054,447430
2013-04-05 09:40,4851,26438480,420917
2013-04-05 09:45,4767,32026906,520286
2013-04-05 09:50,5088,29023196,464750
2013-04-05 09:55,5286,32751936,535374
2013-04-05 09:59,4608,33026937,550286
2013-04-05 10:05,5752,35634352,584477
2013-04-05 10:10,6352,38021811,613262
2013-04-05 10:15,6671,40365803,659555
2013-04-05 10:20,6091,32735100,530972
2013-04-05 10:25,6515,38364908,633600
2013-04-05 10:30,7049,43453544,724681
2013-04-05 10:35,7244,45190263,754258
2013-04-05 10:40,7133,40938197,675311
2013-04-05 10:45,7881,53263982,900597
2013-04-05 10:50,7837,50079431,844616
2013-04-05 10:55,7803,47916824,803219
2013-04-05 10:59,6520,47787475,810811
2013-04-05 11:05,8310,49687395,835671
2013-04-05 11:10,8434,55946806,941513
2013-04-05 11:15,8740,70620617,1200629
2013-04-05 11:20,8862,67636043,1148242
2013-04-05 11:25,8684,66359505,1126404
2013-04-05 11:30,8789,66813161,1131901
2013-04-05 11:35,8511,54625657,914409
2013-04-05 11:40,9156,73245625,1249788
2013-04-05 11:45,9151,73440141,1253295
2013-04-05 11:50,9198,68939997,1169274
2013-04-05 11:55,9514,69598284,1181587
2013-04-05 11:59,7688,40148304,668235
2013-04-05 12:05,9396,75415573,1293368
2013-04-05 12:10,9810,70632716,1203069
2013-04-05 12:15,9362,56026762,947118
2013-04-05 12:20,9000,59540839,1009276
2013-04-05 12:25,8709,56011778,948870
2013-04-05 12:30,8440,58851057,1001293
2013-04-05 12:35,8081,48484241,815406
2013-04-05 12:40,7912,50643826,854576
2013-04-05 12:45,7513,53486889,905375
2013-04-05 12:50,7226,48237663,811315
2013-04-05 12:55,6907,45052465,754707
2013-04-05 12:59,5598,41941658,709375
2013-04-05 13:05,6546,43023415,718450
2013-04-05 13:10,6289,36728717,603502
2013-04-05 13:15,6433,42125265,703509
2013-04-05 13:20,5903,45345670,764477
2013-04-05 13:25,5432,39866901,663989
2013-04-05 13:30,5132,35803486,590692
2013-04-05 13:35,4662,27245028,435658
2013-04-05 13:40,4610,27669820,443884
2013-04-05 13:45,4283,22819516,354398
2013-04-05 13:50,4037,22725333,354227
2013-04-05 13:55,3911,24227395,383382
2013-04-05 13:59,3066,18526277,288353
2013-04-05 14:05,3162,19628153,299528
2013-04-05 14:10,3326,21963009,343192
2013-04-05 14:15,3542,19636795,300201
2013-04-05 14:20,3454,19283752,291770
2013-04-05 14:25,3494,19022572,287310
2013-04-05 14:30,3564,19694564,300888
2013-04-05 14:35,3527,23243719,365206
2013-04-05 14:40,3570,23786002,373593
2013-04-05 14:45,3561,20928997,324742
2013-04-05 14:50,3158,20592569,318839
2013-04-05 14:55,2981,19689686,300683
2013-04-05 14:59,2475,15411193,232062
2013-04-05 15:05,2774,13813302,195315
2013-04-05 15:10,2613,14567992,210685
2013-04-05 15:15,2756,15388229,192832
2013-04-05 15:20,2757,14680719,179793
2013-04-05 15:25,2185,11675987,157311
2013-04-05 15:30,1566,10248258,144214
2013-04-05 15:35,380,269497,3726
2013-04-05 15:40,376,246132,3316
2013-04-05 15:45,340,265253,3843
2013-04-05 15:50,329,255746,3692
2013-04-05 15:55,555,306788,4381
2013-04-05 15:59,248,214191,3169
2013-04-05 16:05,350,275957,3984
2013-04-05 16:10,398,286790,3994
2013-04-05 16:15,891,316712,4406
2013-04-05 16:20,800,242238,3323
2013-04-05 16:25,357,317299,4682
2013-04-05 16:30,610,321363,4551
2013-04-05 16:35,436,364448,5316
2013-04-05 16:40,508,452673,6507
2013-04-05 16:45,498,448438,6769
2013-04-05 16:50,569,464576,6821
2013-04-05 16:55,436,357142,5141
2013-04-05 16:59,389,325380,4720
2013-04-05 17:05,674,468766,6954
2013-04-05 17:10,454,391634,5602
2013-04-05 17:15,769,444399,6489
2013-04-05 17:20,945,427360,6302
2013-04-05 17:25,437,321182,4472
2013-04-05 17:30,504,442987,6507
2013-04-05 17:35,611,303488,4242
2013-04-05 17:40,521,280818,3732
2013-04-05 17:45,406,308426,4361
2013-04-05 17:50,342,222639,3031
2013-04-05 17:55,492,298010,3976
2013-04-05 17:59,341,224410,3011
2013-04-05 18:05,349,249641,3506
2013-04-05 18:10,613,361833,4978
2013-04-05 18:15,768,395315,5405
2013-04-05 18:20,818,345138,4726
2013-04-05 18:25,553,337854,4653
2013-04-05 18:30,454,325787,4493
2013-04-05 18:35,490,406794,5894
2013-04-05 18:40,474,465802,6877
2013-04-05 18:45,519,433714,6288
2013-04-05 18:50,530,436254,6295
2013-04-05 18:55,493,375225,5251
2013-04-05 18:59,385,273998,3775
2013-04-05 19:05,461,309654,4206
2013-04-05 19:10,557,483195,6921
2013-04-05 19:15,698,479349,6864
2013-04-05 19:20,1095,494841,7010
2013-04-05 19:25,668,445094,6176
2013-04-05 19:30,624,528292,7638
2013-04-05 19:35,649,433008,5922
2013-04-05 19:40,623,421006,5639
2013-04-05 19:45,505,345681,4677
2013-04-05 19:50,553,380111,5124
2013-04-05 19:55,685,375883,4963
2013-04-05 19:59,320,223961,3085
2013-04-05 20:05,365,271130,3811
2013-04-05 20:10,563,412248,5701
2013-04-05 20:15,559,367086,4946
2013-04-05 20:20,835,368612,5013
2013-04-05 20:25,674,369599,5101
2013-04-05 20:30,822,400359,5330
2013-04-05 20:35,464,319821,4332
2013-04-05 20:40,600,511778,7247
2013-04-05 20:45,526,412142,5778
2013-04-05 20:50,445,292224,3919
2013-04-05 20:55,503,447207,6559
2013-04-05 20:59,393,319164,4582
2013-04-05 21:05,622,389256,5334
2013-04-05 21:10,447,410787,5979
2013-04-05 21:15,477,402043,5833
2013-04-05 21:20,807,428718,6337
2013-04-05 21:25,593,400932,5826
2013-04-05 21:30,481,347416,4810
2013-04-05 21:35,418,291123,4048
2013-04-05 21:40,522,314784,4211
2013-04-05 21:45,394,306503,4390
2013-04-05 21:50,356,267787,3784
2013-04-05 21:55,434,275589,3784
2013-04-05 21:59,312,206139,2800
2013-04-05 22:05,492,10969617,17656
2013-04-05 22:10,550,10371087,16382
2013-04-05 22:15,502,10367014,16422
2013-04-05 22:20,801,10418508,17150
2013-04-05 22:25,751,10460019,17822
2013-04-05 22:30,540,10402460,16881
2013-04-05 22:35,476,10409508,17088
2013-04-05 22:40,476,10436468,17501
2013-04-05 22:45,560,10440744,17430
2013-04-05 22:50,599,10397615,16696
2013-04-05 22:55,551,10465476,17817
2013-04-05 22:59,335,7771537,12418
2013-04-05 23:05,321,231147,3248
2013-04-05 23:10,353,294178,4144
2013-04-05 23:15,350,287038,4029
2013-04-05 23:20,712,303545,4413
2013-04-05 23:25,891,375837,5498
2013-04-05 23:30,353,278403,3991
2013-04-05 23:35,403,276416,3916
2013-04-05 23:40,415,412145,6136
2013-04-05 23:45,372,369649,5494
2013-04-05 23:50,439,359962,5255
2013-04-05 23:55,430,252520,3580
2013-04-05 23:59,303,212314,2988
2013-04-06 00:05,427,334687,4755
2013-04-06 00:10,467,335512,4642
2013-04-06 00:15,326,284070,4058
2013-04-06 00:20,579,317764,4650
2013-04-06 00:25,681,251069,3520
2013-04-06 00:30,416,286291,4199
2013-04-06 00:35,297,257826,3824
2013-04-06 00:40,281,187413,2558
2013-04-06 00:45,403,366533,5316
2013-04-06 00:50,250,154161,2100
2013-04-06 00:55,307,220916,3112
2013-04-06 00:59,358,200663,2721
2013-04-06 01:05,424,243868,3387
2013-04-06 01:10,328,260201,3675
2013-04-06 01:15,342,270169,3714
2013-04-06 01:20,496,247524,3390
2013-04-06 01:25,840,252214,3391
2013-04-06 01:30,515,297446,4174
2013-04-06 01:35,345,269217,3830
2013-04-06 01:40,461,241670,3201
2013-04-06 01:45,335,285122,4030
2013-04-06 01:50,407,271250,3820
2013-04-06 01:55,292,201570,2808
2013-04-06 01:59,187,117441,1593
2013-04-06 02:05,316,198386,2678
2013-04-06 02:10,308,229260,3319
2013-04-06 02:15,321,199245,2831
2013-04-06 02:20,279,173818,2436
2013-04-06 02:25,726,236590,3303
2013-04-06 02:30,507,277282,3932
2013-04-06 02:35,294,210290,2934
2013-04-06 02:40,355,243944,3614
2013-04-06 02:45,490,235243,3260
2013-04-06 02:50,355,193810,2723
2013-04-06 02:55,362,211007,2887
2013-04-06 02:59,288,148579,1993
2013-04-06 03:05,287,180007,2504
2013-04-06 03:10,278,191742,2661
2013-04-06 03:15,392,254881,3469
2013-04-06 03:20,483,212402,2791
2013-04-06 03:25,502,147134,1972
2013-04-06 03:30,390,206978,2956
2013-04-06 03:35,281,221698,3202
2013-04-06 03:40,370,291798,4181
2013-04-06 03:45,412,318889,4377
2013-04-06 03:50,377,258580,3528
2013-04-06 03:55,505,279868,3778
2013-04-06 03:59,331,239661,3300
2013-04-06 04:05,426,299085,4281
2013-04-06 04:10,351,287729,4191
2013-04-06 04:15,344,289679,4110
2013-04-06 04:20,266,168264,2291
2013-04-06 04:25,647,219554,3066
2013-04-06 04:30,602,297562,4331
2013-04-06 04:35,378,318215,4655
2013-04-06 04:40,424,304908,4247
2013-04-06 04:45,338,219587,2965
2013-04-06 04:50,318,231078,3253
2013-04-06 04:55,327,250888,3560
2013-04-06 04:59,373,166728,2216
2013-04-06 05:05,475,269381,3716
2013-04-06 05:10,295,214919,3025
2013-04-06 05:15,405,330948,4802
2013-04-06 05:20,257,215582,3205
2013-04-06 05:25,534,201117,2967
2013-04-06 05:30,797,275596,3874
2013-04-06 05:35,437,290976,4137
2013-04-06 05:40,271,200927,2859
2013-04-06 05:45,229,173326,2348
2013-04-06 05:50,278,233177,3427
2013-04-06 05:55,326,274308,4044
2013-04-06 05:59,271,217283,3123
2013-04-06 06:05,268,194860,2793
2013-04-06 06:10,391,229305,3229
2013-04-06 06:15,376,242858,3407
2013-04-06 06:20,348,242493,3505
2013-04-06 06:25,428,157457,2226
2013-04-06 06:30,626,201920,2791
2013-04-06 06:35,179,109974,1524
2013-04-06 06:40,229,130865,1790
2013-04-06 06:45,149,98762,1278
2013-04-06 06:50,6196,2062578,19302
2013-04-06 06:55,23450,68535344,1019016
2013-04-06 06:59,23823,127337128,1730954
2013-04-06 07:05,28166,266181435,2012445
2013-04-06 07:10,28119,331884800,2159791
2013-04-06 07:15,26438,270850648,2064499
2013-04-06 07:20,25953,259228428,2090611
2013-04-06 07:25,25918,289623898,2080046
2013-04-06 07:30,25642,284600570,2094994
2013-04-06 07:35,21753,397674986,2208554
2013-04-06 07:40,19156,471035914,2072591
2013-04-06 07:45,18619,301572422,2144220
2013-04-06 07:50,17980,216157476,2014044
2013-04-06 07:55,17064,207651501,2058631
2013-04-06 07:59,14353,151414115,1691848
2013-04-06 08:05,16279,150620044,2005918
2013-04-06 08:10,15677,181070658,2052231
2013-04-06 08:15,15597,178060483,2044327
2013-04-06 08:20,17140,181380403,2042251
2013-04-06 08:25,15864,151051380,2025419
2013-04-06 08:30,13865,137925366,1962691
2013-04-06 08:35,14049,98627206,1637409
2013-04-06 08:40,13216,107755800,1792313
2013-04-06 08:45,12497,97334347,1622163
2013-04-06 08:50,12575,97237263,1618978
2013-04-06 08:55,11955,92541811,1536975
2013-04-06 08:59,9617,70727237,1164228
2013-04-06 09:05,10919,65948182,1068512
2013-04-06 09:10,10717,74026460,1212806
2013-04-06 09:15,9913,72162523,1182174
2013-04-06 09:20,9370,76812908,1261466
2013-04-06 09:25,9497,73826485,1211322
2013-04-06 09:30,12997,55718694,861600
2013-04-06 09:35,9581,71148947,1001880
2013-04-06 09:40,9649,64249224,1038317
2013-04-06 09:45,10008,70598076,1151287
2013-04-06 09:50,10506,79355306,1307556
2013-04-06 09:55,11153,91801559,1518968
2013-04-06 09:59,9780,61088296,994078
2013-04-06 10:05,12049,90615507,1500870
2013-04-06 10:10,12371,89025289,1471392
2013-04-06 10:15,13039,83868716,1380828
2013-04-06 10:20,13503,103686698,1719220
2013-04-06 10:25,14126,107980798,1782623
2013-04-06 10:30,14327,104037391,1717233
2013-04-06 10:35,14937,106623265,1765022
2013-04-06 10:40,14887,219943850,1895155
2013-04-06 10:45,14816,113043449,1857782
2013-04-06 10:50,15100,75211786,1176325
2013-04-06 10:55,15147,95912174,1545557
2013-04-06 10:59,12911,96555522,1532167
2013-04-06 11:05,16111,128766247,1992981
2013-04-06 11:10,121461,130520693,2049991
2013-04-06 11:15,553122,182988213,2387931
2013-04-06 11:20,448202,191321978,2372516
2013-04-06 11:25,17565,140383227,2012461
2013-04-06 11:30,17147,131757932,1950729
2013-04-06 11:35,446167,160825200,2303002
2013-04-06 11:40,456126,242070141,2358463
2013-04-06 11:45,189925,196762348,2191537
2013-04-06 11:50,83075,185557724,2097724
2013-04-06 11:55,77679,184477286,2052097
2013-04-06 11:59,62631,136846634,1687238
2013-04-06 12:05,81951,169341650,2093634
2013-04-06 12:10,80253,176111775,2034175
2013-04-06 12:15,78090,154227194,2034616
2013-04-06 12:20,77907,163366445,2059123
2013-04-06 12:25,74005,154218526,2022928
2013-04-06 12:30,75824,142144896,1990801
2013-04-06 12:35,72809,129443171,1958942
2013-04-06 12:40,73738,132697484,2023246
2013-04-06 12:45,74729,110318624,1826741
2013-04-06 12:50,51317,81769760,1342646
2013-04-06 12:55,37125,51843224,816297
2013-04-06 12:59,17497,41569947,639300
2013-04-06 13:05,14378,45357019,706935
2013-04-06 13:10,14157,43433828,672405
2013-04-06 13:15,13204,43899471,681413
2013-04-06 13:20,13008,44687131,697123
2013-04-06 13:25,12948,38908742,594018
2013-04-06 13:30,12265,34463674,512732
2013-04-06 13:35,11647,35006132,525003
2013-04-06 13:40,11357,29589370,428284
2013-04-06 13:45,10666,34412300,518511
2013-04-06 13:50,10318,28043157,401481
2013-04-06 13:55,10311,29284137,424968
2013-04-06 13:59,8330,27463538,411137
2013-04-06 14:05,9581,24871183,344962
2013-04-06 14:10,10029,25532152,358204
2013-04-06 14:15,10508,28815007,415698
2013-04-06 14:20,9881,23561076,320060
2013-04-06 14:25,10022,28953207,418925
2013-04-06 14:30,9986,30964675,456353
2013-04-06 14:35,9677,30033075,440438
2013-04-06 14:40,8963,27210590,388697
2013-04-06 14:45,8730,25164333,350621
2013-04-06 14:50,8889,26973512,384352
2013-04-06 14:55,8302,22882065,310883
2013-04-06 14:59,6672,17099816,221066
2013-04-06 15:05,8058,19952333,254279
2013-04-06 15:10,7573,16976474,196438
2013-04-06 15:15,7373,18071860,218784
2013-04-06 15:20,6790,19044368,259984
2013-04-06 15:25,4875,8105902,124045
2013-04-06 15:30,4117,599349,9120
2013-04-06 15:35,4137,531965,8050
2013-04-06 15:40,4420,512925,7736
2013-04-06 15:45,4093,478194,7227
2013-04-06 15:50,4029,474660,7170
2013-04-06 15:55,4038,511872,7824
2013-04-06 15:59,3330,391110,6130
2013-04-06 16:05,3966,465002,7276
2013-04-06 16:10,4034,528729,8159
2013-04-06 16:15,4136,545558,8240
2013-04-06 16:20,4019,498201,7635
2013-04-06 16:25,4031,516186,7907
2013-04-06 16:30,4088,513048,7863
2013-04-06 16:35,4020,491160,7648
2013-04-06 16:40,4057,479077,7394
2013-04-06 16:45,4131,604898,9109
2013-04-06 16:50,4395,507379,7562
2013-04-06 16:55,4033,450922,6833
2013-04-06 16:59,3348,406764,6164
2013-04-06 17:05,4007,449534,7052
2013-04-06 17:10,4015,483111,7596
2013-04-06 17:15,4083,547168,8252
2013-04-06 17:20,4066,548961,8404
2013-04-06 17:25,4039,490446,7641
2013-04-06 17:30,4016,533278,8238
2013-04-06 17:35,4096,563962,8735
2013-04-06 17:40,4172,608262,9395
2013-04-06 17:45,4168,630621,9504
2013-04-06 17:50,4068,549279,8407
2013-04-06 17:55,4355,547400,8156
2013-04-06 17:59,3766,486350,7196
2013-04-06 18:05,4116,582464,8818
2013-04-06 18:10,4156,600449,9037
2013-04-06 18:15,4124,572862,8798
2013-04-06 18:20,4128,641958,9976
2013-04-06 18:25,4211,677400,10268
2013-04-06 18:30,4115,587051,9030
2013-04-06 18:35,4024,479211,7503
2013-04-06 18:40,4092,506855,7903
2013-04-06 18:45,4117,590307,9073
2013-04-06 18:50,4228,605810,9026
2013-04-06 18:55,4127,556310,8295
2013-04-06 18:59,3407,452591,6806
2013-04-06 19:05,4110,514843,7839
2013-04-06 19:10,4054,484094,7384
2013-04-06 19:15,4119,593490,8968
2013-04-06 19:20,4199,645118,9768
2013-04-06 19:25,4159,570948,8563
2013-04-06 19:30,4190,660576,9977
2013-04-06 19:35,4207,559475,8417
2013-04-06 19:40,4222,546141,8442
2013-04-06 19:45,4114,567744,8518
2013-04-06 19:50,4207,656318,9868
2013-04-06 19:55,4187,728046,11299
2013-04-06 19:59,3416,481745,7248
2013-04-06 20:05,4257,688461,10268
2013-04-06 20:10,4124,561223,8397
2013-04-06 20:15,4416,592924,8855
2013-04-06 20:20,4060,541406,8280
2013-04-06 20:25,4177,650154,9904
2013-04-06 20:30,4211,618181,9317
2013-04-06 20:35,4224,527390,8122
2013-04-06 20:40,4228,584567,8987
2013-04-06 20:45,4047,569387,8816
2013-04-06 20:50,4137,537674,8089
2013-04-06 20:55,4191,628468,9394
2013-04-06 20:59,3456,503927,7538
2013-04-06 21:05,4113,516327,7814
2013-04-06 21:10,4046,512356,7780
2013-04-06 21:15,4209,629044,9268
2013-04-06 21:20,4385,588593,8630
2013-04-06 21:25,4078,504184,7714
2013-04-06 21:30,4066,542288,8214
2013-04-06 21:35,4168,532267,8226
2013-04-06 21:40,4229,559864,8596
2013-04-06 21:45,4063,517175,7827
2013-04-06 21:50,4201,3410495,12688
2013-04-06 21:55,4472,15888702,28845
2013-04-06 21:59,3823,17284674,30021
2013-04-06 22:05,4463,20952662,35155
2013-04-06 22:10,4542,20804176,36305
2013-04-06 22:15,4578,20757490,36310
2013-04-06 22:20,4483,20668912,35471
2013-04-06 22:25,4717,21085146,36089
2013-04-06 22:30,4650,20847553,35716
2013-04-06 22:35,4661,20752357,35474
2013-04-06 22:40,4725,20680935,34917
2013-04-06 22:45,5043,19648046,35073
2013-04-06 22:50,4776,17451490,30328
2013-04-06 22:55,4527,5312604,13454
2013-04-06 22:59,3606,438753,6586
2013-04-06 23:05,4111,474095,7192
2013-04-06 23:10,3884,399694,6210
2013-04-06 23:15,4298,413246,6506
2013-04-06 23:20,3970,509678,7668
2013-04-06 23:25,3744,425901,6513
2013-04-06 23:30,3747,443445,6728
2013-04-06 23:35,4012,435737,6756
2013-04-06 23:40,3910,432307,6675
2013-04-06 23:45,3702,430548,6644
2013-04-06 23:50,3673,372617,5770
2013-04-06 23:55,3733,408147,6268
2013-04-06 23:59,3131,370958,5651
2013-04-07 00:05,3740,480813,7550
2013-04-07 00:10,3803,504542,7864
2013-04-07 00:15,3834,521300,8009
2013-04-07 00:20,3711,405785,6282
2013-04-07 00:25,4113,423297,6694
2013-04-07 00:30,4062,468543,7225
2013-04-07 00:35,4204,449062,6973
2013-04-07 00:40,3957,492994,7707
2013-04-07 00:45,4174,550297,8340
2013-04-07 00:50,3938,490434,7355
2013-04-07 00:55,3745,399625,6145
2013-04-07 00:59,3085,300032,4592
2013-04-07 01:05,3779,377330,5858
2013-04-07 01:10,3765,418773,6517
2013-04-07 01:15,3746,438557,6871
2013-04-07 01:20,3724,396420,6135
2013-04-07 01:25,3679,349579,5516
2013-04-07 01:30,3761,432794,6670
2013-04-07 01:35,3988,412330,6539
2013-04-07 01:40,3958,413279,6468
2013-04-07 01:45,3770,424243,6480
2013-04-07 01:50,3913,397845,6067
2013-04-07 01:55,3724,360676,5688
2013-04-07 01:59,3129,331415,5192
2013-04-07 02:05,3684,394161,6317
2013-04-07 02:10,3700,383829,6062
2013-04-07 02:15,3775,456111,7051
2013-04-07 02:20,3716,396683,6171
2013-04-07 02:25,3742,416845,6507
2013-04-07 02:30,3761,406728,6318
2013-04-07 02:35,4029,436428,6876
2013-04-07 02:40,3867,496175,7873
2013-04-07 02:45,3872,593193,9222
2013-04-07 02:50,3788,439118,6914
2013-04-07 02:55,3702,380744,6046
2013-04-07 02:59,3344,402403,6169
2013-04-07 03:05,3806,387883,6054
2013-04-07 03:10,3447,426078,6561
2013-04-07 03:15,31538,2190160,36123
2013-04-07 03:20,44443,2802691,47340
2013-04-07 03:25,347,216651,2888
2013-04-07 03:30,270,181797,2463
2013-04-07 03:35,598,232741,3313
2013-04-07 03:40,559,299852,4199
2013-04-07 03:45,362,259046,3583
2013-04-07 03:50,362,249039,3336
2013-04-07 03:55,415,241868,3255
2013-04-07 03:59,344,301001,4341
2013-04-07 04:05,460,346289,4872
2013-04-07 04:10,592,293053,3965
2013-04-07 04:15,503,274271,3647
2013-04-07 04:20,388,268741,3602
2013-04-07 04:25,337,227353,3111
2013-04-07 04:30,432,297703,3959
2013-04-07 04:35,578,233147,3253
2013-04-07 04:40,344,185504,2504
2013-04-07 04:45,378,244456,3415
2013-04-07 04:50,325,233990,3224
2013-04-07 04:55,344,235578,3224
2013-04-07 04:59,271,179844,2449
2013-04-07 05:05,337,238683,3250
2013-04-07 05:10,273,173229,2348
2013-04-07 05:15,432,242922,3341
2013-04-07 05:20,371,242201,3280
2013-04-07 05:25,356,233654,3316
2013-04-07 05:30,235,167848,2311
2013-04-07 05:35,454,178493,2452
2013-04-07 05:40,338,134944,1820
2013-04-07 05:45,210,129800,1784
2013-04-07 05:50,224,176664,2527
2013-04-07 05:55,159,97126,1372
2013-04-07 05:59,151,94124,1302
2013-04-07 06:05,160,112822,1572
2013-04-07 06:10,279,150346,2069
2013-04-07 06:15,286,229986,3332
2013-04-07 06:20,243,221586,3277
2013-04-07 06:25,454,217974,3108
2013-04-07 06:30,236,123765,1710
2013-04-07 06:35,8,11623,119
2013-04-07 06:40,10,1606,11
2013-04-07 06:45,3457,871531,6016
2013-04-07 06:50,11610,45607843,727498
2013-04-07 06:55,28135,149132585,1910725
2013-04-07 06:59,23329,188605647,1706220
2013-04-07 07:05,27758,898926944,2519073
2013-04-07 07:10,26959,270814340,2070567
2013-04-07 07:15,26399,232694193,2080203
2013-04-07 07:20,26281,251257428,2018674
2013-04-07 07:25,25299,273904611,2084764
2013-04-07 07:30,23756,265688873,2086635
2013-04-07 07:35,20004,363575879,2103600
2013-04-07 07:40,18884,387584869,2127406
2013-04-07 07:45,18069,240745322,2070674
2013-04-07 07:50,17560,198994430,1989497
2013-04-07 07:55,17135,192288494,2016685
2013-04-07 07:59,13910,161397629,1746827
2013-04-07 08:05,15741,227452364,2074610
2013-04-07 08:10,15459,172305000,2087450
2013-04-07 08:15,15440,142163011,1975995
2013-04-07 08:20,18529,119105899,1583325
2013-04-07 08:25,13612,55673710,737171
2013-04-07 08:30,13628,73701927,945295
2013-04-07 08:35,13061,113000966,1265221
2013-04-07 08:40,12856,161587953,1840036
2013-04-07 08:45,12706,133313787,2020843
2013-04-07 08:50,12689,99863955,1648805
2013-04-07 08:55,12790,91740388,1510809
2013-04-07 08:59,9546,73182497,1203827
2013-04-07 09:05,12102,80728596,1318214
2013-04-07 09:08,6270,43054654,705664
2013-04-10 06:50,8,1442,10
2013-04-10 06:55,48,8841,84
2013-04-10 06:59,40,4109,41
2013-04-10 07:05,16202,7313468,80962
2013-04-10 07:10,28079,12736821,141664
2013-04-10 07:15,28423,19572892,153544
2013-04-10 07:20,28777,24982395,162102
2013-04-10 07:25,27968,22449292,154693
2013-04-10 07:30,26878,21641631,150562
2013-04-10 07:35,26614,23219452,153206
2013-04-10 07:40,25984,23007083,151343
2013-04-10 07:45,38150,89841690,1253868
2013-04-10 07:50,34316,305209811,2088887
2013-04-10 07:55,9500,708373605,2124038
2013-04-10 07:59,3719,684551124,1840716
2013-04-10 08:05,7368,470185511,1894033
2013-04-10 08:10,7520,170300820,1446566
2013-04-10 08:15,7327,69019591,963085
2013-04-10 08:20,2841,84964641,1480562
2013-04-10 08:25,1292,35284731,595393
2013-04-10 08:30,721,14459028,256176
2013-04-10 08:35,9060,13539010,219788
2013-04-10 08:40,2644,11397652,187557
2013-04-10 08:45,2637,12825551,217631
2013-04-10 08:50,1021,12640804,219756
2013-04-10 08:55,688,9743146,164836
2013-04-10 08:59,568,8105512,134184
2013-04-10 09:05,515,8112545,143922
2013-04-10 09:10,548,7890351,139983
2013-04-10 09:15,581,8156635,138519
2013-04-10 09:20,545,7480141,131056
2013-04-10 09:25,501,6998925,123750
2013-04-10 09:30,505,6858110,122155
2013-04-10 09:35,470,6292423,111639
2013-04-10 09:40,407,5751298,101970
2013-04-10 09:45,452,5695135,100954
2013-04-10 09:50,441,6104678,108412
2013-04-10 09:55,481,6647136,118157
2013-04-10 09:59,412,5929807,105639
2013-04-10 10:05,483,7270739,130015
2013-04-10 10:10,479,7460441,133394
2013-04-10 10:15,515,7974767,142573
2013-04-10 10:20,547,8417148,150881
2013-04-10 10:25,513,8830321,158701
2013-04-10 10:30,579,9521532,171060
2013-04-10 10:35,578,9634917,173031
2013-04-10 10:40,582,10043265,180708
2013-04-10 10:45,567,10400564,187501
2013-04-10 10:50,596,10820291,195262
2013-04-10 10:55,644,10738926,193215
2013-04-10 10:59,514,8949570,161070
2013-04-10 11:05,582,10712520,193093
2013-04-10 11:10,572,11202361,202218
2013-04-10 11:15,568,11138494,200961
2013-04-10 11:20,628,11401626,205474
2013-04-10 11:25,679,11968485,216051
2013-04-10 11:30,633,11918318,215036
2013-04-10 11:35,620,11774157,212495
2013-04-10 11:40,595,11983838,216588
2013-04-10 11:45,632,12523020,226598
2013-04-10 11:50,614,12445494,225016
2013-04-10 11:55,647,12318104,222517
2013-04-10 11:59,548,10731173,194137
2013-04-10 12:05,694,13194559,238559
2013-04-10 12:10,653,13309169,240866
2013-04-10 12:15,633,12865593,232850
2013-04-10 12:20,635,12899704,233328
2013-04-10 12:25,3562,12554033,226411
2013-04-10 12:30,5546,11785520,212730
2013-04-10 12:35,5313,11521077,207713
2013-04-10 12:40,4490,11021368,198493
2013-04-10 12:45,3889,10610398,191337
2013-04-10 12:50,1816,10300012,186157
2013-04-10 12:55,1264,9826763,177136
2013-04-10 12:59,1067,7792890,139869
2013-04-10 13:05,1258,9104216,163960
2013-04-10 13:10,1246,8944175,160706
2013-04-10 13:15,1216,8224285,147420
2013-04-10 13:20,1216,7808445,140039
2013-04-10 13:25,1183,7627398,136967
2013-04-10 13:30,1152,6932279,123847
2013-04-10 13:35,1158,6758741,120875
2013-04-10 13:40,1160,6350169,113520
2013-04-10 13:45,1156,5997290,106847
2013-04-10 13:50,1108,5587777,99501
2013-04-10 13:55,1108,5179004,91832
2013-04-10 13:59,939,4186180,73996
2013-04-10 14:05,1065,4275830,75310
2013-04-10 14:10,1066,3882075,68236
2013-04-10 14:15,1042,3772558,66114
2013-04-10 14:20,1054,3973632,69732
2013-04-10 14:25,1052,4102199,72133
2013-04-10 14:30,1068,4096084,71997
2013-04-10 14:35,1044,4520308,80170
2013-04-10 14:40,1025,4433436,78700
2013-04-10 14:45,1071,4432947,78430
2013-04-10 14:50,1041,4125569,72917
2013-04-10 14:55,1015,3954124,70004
2013-04-10 14:59,850,2849679,50090
2013-04-10 15:05,1004,3517662,61764
2013-04-10 15:10,996,3414380,60021
2013-04-10 15:15,981,3131214,54838
2013-04-10 15:20,988,2951449,51485
2013-04-10 15:25,953,2623417,45582
2013-04-10 15:30,934,2369751,40905
2013-04-10 15:35,881,1066304,17369
2013-04-10 15:40,859,178906,1972
2013-04-10 15:45,855,177257,1910
2013-04-10 15:50,852,173762,1785
2013-04-10 15:55,853,168785,1921
2013-04-10 15:59,693,130193,1221
2013-04-10 16:05,857,180429,1951
2013-04-10 16:10,864,150929,1681
2013-04-10 16:15,831,153192,1572
2013-04-10 16:20,867,182893,1956
2013-04-10 16:25,849,144719,1520
2013-04-10 16:30,846,164522,1708
2013-04-10 16:35,808,174371,1822
2013-04-10 16:40,548,127527,1149
2013-04-10 16:45,590,159271,1509
2013-04-10 16:50,562,126495,1289
2013-04-10 16:55,579,145327,1424
2013-04-10 16:59,505,146208,1473
2013-04-10 17:05,691,196601,2157
2013-04-10 17:10,447,177321,1695
2013-04-10 17:15,316,123655,1093
2013-04-10 17:20,143,135089,1211
2013-04-10 17:25,102,139659,1194
2013-04-10 17:30,89,119072,1069
2013-04-10 17:35,106,124946,1005
2013-04-10 17:40,91,138229,1251
2013-04-10 17:45,121,149493,1477
2013-04-10 17:50,100,133856,1198
2013-04-10 17:55,99,122918,963
2013-04-10 17:59,97,113708,1090
2013-04-10 18:05,127,152131,1389
2013-04-10 18:10,79,99627,667
2013-04-10 18:15,95,128229,1181
2013-04-10 18:20,87,115877,931
2013-04-10 18:25,87,109457,909
2013-04-10 18:30,122,169457,1681
2013-04-10 18:35,105,124277,1007
2013-04-10 18:40,72,102209,822
2013-04-10 18:45,118,143052,1348
2013-04-10 18:50,101,114822,859
2013-04-10 18:55,69,99677,749
2013-04-10 18:59,76,112271,985
2013-04-10 19:05,89,121125,1060
2013-04-10 19:10,89,102555,668
2013-04-10 19:15,86,115931,956
2013-04-10 19:20,99,127373,1273
2013-04-10 19:25,82,123681,1056
2013-04-10 19:30,120,160531,1553
2013-04-10 19:35,87,123861,1043
2013-04-10 19:40,89,127337,1105
2013-04-10 19:45,103,129393,1195
2013-04-10 19:50,65,95416,580
2013-04-10 19:55,97,132665,1167
2013-04-10 19:59,98,132908,1323
2013-04-10 20:05,90,125099,1024
2013-04-10 20:10,88,114603,1006
2013-04-10 20:15,105,142527,1353
2013-04-10 20:20,81,93352,649
2013-04-10 20:25,88,129356,1218
2013-04-10 20:30,99,127925,1032
2013-04-10 20:35,90,119413,1062
2013-04-10 20:40,87,123844,994
2013-04-10 20:45,99,124239,1070
2013-04-10 20:50,80,117780,1036
2013-04-10 20:55,89,108173,835
2013-04-10 20:59,88,110343,1093
2013-04-10 21:05,89,114882,921
2013-04-10 21:10,104,125223,961
2013-04-10 21:15,94,139690,1441
2013-04-10 21:20,91,111244,845
2013-04-10 21:25,119,144058,1428
2013-04-10 21:30,93,133293,1236
2013-04-10 21:35,89,115661,875
2013-04-10 21:40,89,104663,813
2013-04-10 21:45,111,137607,1301
2013-04-10 21:50,91,104663,809
2013-04-10 21:55,136,168441,1688
2013-04-10 21:59,94,117898,1163
2013-04-10 22:05,84,109649,940
2013-04-10 22:10,133,171267,1827
2013-04-10 22:15,77,112761,974
2013-04-10 22:20,114,132122,1203
2013-04-10 22:25,110,142798,1360
2013-04-10 22:30,82,88268,577
2013-04-10 22:35,99,117589,908
2013-04-10 22:40,100,141691,1345
2013-04-10 22:45,87,119752,1017
2013-04-10 22:50,81,123037,1036
2013-04-10 22:55,112,152190,1640
2013-04-10 22:59,87,110861,985
2013-04-10 23:05,74,114078,979
2013-04-10 23:10,94,124056,1057
2013-04-10 23:15,98,131595,1207
2013-04-10 23:20,89,104709,808
2013-04-10 23:25,78,105868,847
2013-04-10 23:30,87,126332,1015
2013-04-10 23:35,89,117424,939
2013-04-10 23:40,75,111439,849
2013-04-10 23:45,89,119089,1074
2013-04-10 23:50,77,117369,1000
2013-04-10 23:55,95,115424,943
2013-04-10 23:59,66,87456,741
2013-04-11 00:05,98,146613,1377
2013-04-11 00:10,213,258334,2643
2013-04-11 00:15,116,175004,1112
2013-04-11 00:20,206,259194,2334
2013-04-11 00:25,198,255306,2382
2013-04-11 00:30,146,201086,1298
2013-04-11 00:35,222,251908,2388
2013-04-11 00:40,192,267818,2372
2013-04-11 00:45,174,210832,1664
2013-04-11 00:50,206,285088,3004
2013-04-11 00:55,186,226444,1800
2013-04-11 00:59,170,222256,2340
2013-04-11 01:05,200,264314,2384
2013-04-11 01:10,196,250248,2150
2013-04-11 01:15,164,211180,1790
2013-04-11 01:20,220,300824,2874
2013-04-11 01:25,138,179204,1456
2013-04-11 01:30,168,214370,1534
2013-04-11 01:35,182,186010,1362
2013-04-11 01:40,120,186106,1380
2013-04-11 01:45,248,336844,3548
2013-04-11 01:50,138,200278,1650
2013-04-11 01:55,196,265754,2404
2013-04-11 01:59,210,253070,2886
2013-04-11 02:05,170,242948,1882
2013-04-11 02:10,198,207122,1624
2013-04-11 02:15,192,234136,2156
2013-04-11 02:20,128,192144,1424
2013-04-11 02:25,164,214422,1974
2013-04-11 02:30,200,251132,2040
2013-04-11 02:35,192,255716,2486
2013-04-11 02:40,180,252418,2196
2013-04-11 02:45,232,249758,2280
2013-04-11 02:50,184,226834,2126
2013-04-11 02:55,212,314010,3164
2013-04-11 02:59,184,203350,1898
2013-04-11 03:05,218,290010,2522
2013-04-11 03:10,216,225398,1940
2013-04-11 03:15,178,254884,2240
2013-04-11 03:20,158,189018,1530
2013-04-11 03:25,168,239980,2388
2013-04-11 03:30,178,251050,2426
2013-04-11 03:35,156,203288,1560
2013-04-11 03:40,146,213336,1732
2013-04-11 03:45,182,238196,1908
2013-04-11 03:50,134,202530,1304
2013-04-11 03:55,182,256042,2460
2013-04-11 03:59,156,216458,1984
2013-04-11 04:05,142,223260,1986
2013-04-11 04:10,182,241782,2102
2013-04-11 04:15,230,320974,3280
2013-04-11 04:20,166,207518,1468
2013-04-11 04:25,176,232880,2140
2013-04-11 04:30,164,214734,1840
2013-04-11 04:35,164,222590,1826
2013-04-11 04:40,148,216182,2022
2013-04-11 04:45,146,183550,1188
2013-04-11 04:50,144,218560,1900
2013-04-11 04:55,232,320120,3172
2013-04-11 04:59,168,209312,1942
2013-04-11 05:05,172,239842,2400
2013-04-11 05:10,248,293212,2920
2013-04-11 05:15,160,209986,1896
2013-04-11 05:20,244,285498,2628
2013-04-11 05:25,184,236538,2438
2013-04-11 05:30,216,271096,2404
2013-04-11 05:35,208,270086,2666
2013-04-11 05:40,196,262908,2494
2013-04-11 05:45,152,184720,1174
2013-04-11 05:50,216,289782,3102
2013-04-11 05:55,220,266788,2604
2013-04-11 05:59,108,136158,834
2013-04-11 06:05,240,291048,2968
2013-04-11 06:10,202,241918,2180
2013-04-11 06:15,140,202910,1582
2013-04-11 06:20,194,211020,1540
2013-04-11 06:25,184,229950,2052
2013-04-11 06:30,164,216808,1688
2013-04-11 06:35,220,252170,2352
2013-04-11 06:40,146,212640,1734
2013-04-11 06:45,228,269372,2694
2013-04-11 06:50,234,325154,3556
2013-04-11 06:55,21942,58504342,905502
2013-04-11 06:59,37002,166537971,1759310
2013-04-11 07:05,8838,889292694,2173868
2013-04-11 07:10,3611,997525857,2272451
2013-04-11 07:15,14223,372928246,2015569
2013-04-11 07:20,22949,134588157,1290599
2013-04-11 07:25,5610,95964091,1558473
2013-04-11 07:30,5306,110118718,1852020
2013-04-11 07:35,4875,51211156,904738
2013-04-11 07:40,3874,16971382,295082
2013-04-11 07:45,1162,17139248,299600
2013-04-11 07:50,772,14696164,255403
2013-04-11 07:55,780,14254079,256028
2013-04-11 07:59,592,11429720,205546
2013-04-11 08:05,719,13663964,245256
2013-04-11 08:10,701,13670122,245380
2013-04-11 08:15,688,12993897,233393
2013-04-11 08:20,719,12645389,226392
2013-04-11 08:25,672,12449548,223229
2013-04-11 08:30,615,11633530,208661
2013-04-11 08:35,671,11773692,211210
2013-04-11 08:40,661,11410040,204436
2013-04-11 08:45,622,10783086,193180
2013-04-11 08:50,618,10346733,185568
2013-04-11 08:55,560,8876127,158663
2013-04-11 08:59,434,6785420,121097
2013-04-11 09:05,495,7650541,136852
2013-04-11 09:10,487,7054629,125609
2013-04-11 09:15,441,6778415,120756
2013-04-11 09:20,401,6568357,117337
2013-04-11 09:25,426,6027597,107308
2013-04-11 09:30,431,5815676,102964
2013-04-11 09:35,425,5931954,105128
2013-04-11 09:40,468,6223452,110526
2013-04-11 09:45,523,6763119,120459
2013-04-11 09:50,492,6773495,120384
2013-04-11 09:55,544,7309521,130106
2013-04-11 09:59,411,6469631,115956
2013-04-11 10:05,473,7883720,141506
2013-04-11 10:10,503,8411174,150822
2013-04-11 10:15,522,8920139,159997
2013-04-11 10:20,514,9317337,167490
2013-04-11 10:25,548,9810906,176910
2013-04-11 10:30,551,9813045,176682
2013-04-11 10:35,592,10026951,180433
2013-04-11 10:40,1157,10392096,187129
2013-04-11 10:45,1210,10500529,189537
2013-04-11 10:50,1225,10688595,192803
2013-04-11 10:55,1342,10795837,194371
2013-04-11 10:59,1065,9227061,166421
2013-04-11 11:05,1133,11210681,202669
2013-04-11 11:10,1239,11244808,203299
2013-04-11 11:15,2257,11609606,209547
2013-04-11 11:20,2273,11949971,215744
2013-04-11 11:25,3151,12208867,220582
2013-04-11 11:30,2843,12434649,224441
2013-04-11 11:35,2804,12159878,219061
2013-04-11 11:40,2791,12524023,226221
2013-04-11 11:45,2221,12675651,229103
2013-04-11 11:50,1536,12851149,232423
2013-04-11 11:55,23885,19909224,351810
2013-04-11 11:59,256090,85659945,1451795
2013-04-11 12:05,363966,116171662,1959390
2013-04-11 12:10,658263,202481873,3410816
2013-04-11 12:15,1062835,336611302,5388843
2013-04-11 12:20,1194646,368627945,5971218
2013-04-11 12:25,1406326,428722424,6885385
2013-04-11 12:30,1468829,469274616,7160698
2013-04-11 12:35,1468183,429259280,7127998
2013-04-11 12:40,1468553,427588061,7102208
2013-04-11 12:45,1436577,438797876,6976460
2013-04-11 12:50,1420267,453393830,6928300
2013-04-11 12:55,1277392,450848919,6245403
2013-04-11 12:59,588920,202114532,2989033
2013-04-11 13:05,6260,8450805,151987
2013-04-11 13:10,1324,7906000,141826
2013-04-11 13:15,1629,7512479,134242
2013-04-11 13:20,2330,7263980,129948
2013-04-11 13:25,1823,6775461,121252
2013-04-11 13:30,1593,6332583,112818
2013-04-11 13:35,1560,5930543,105401
2013-04-11 13:40,1569,5595189,99490
2013-04-11 13:45,1519,5177143,91739
2013-04-11 13:50,1521,4852711,85890
2013-04-11 13:55,1482,4471347,78784
2013-04-11 13:59,1253,3516015,61813
2013-04-11 14:05,1492,3872569,67925
2013-04-11 14:10,1496,4067763,71378
2013-04-11 14:15,1480,4185015,73545
2013-04-11 14:20,1480,4418645,78217
2013-04-11 14:25,1467,4520885,80008
2013-04-11 14:30,1500,4625082,81803
2013-04-11 14:35,1459,4343442,76880
2013-04-11 14:40,1441,4243793,75229
2013-04-11 14:45,1441,3742217,65647
2013-04-11 14:50,1438,3767819,66296
2013-04-11 14:55,1420,3528118,61849
2013-04-11 14:59,1152,2771906,48674
2013-04-11 15:05,1415,3239822,56505
2013-04-11 15:10,1370,2877260,50342
2013-04-11 15:15,1377,2749423,47651
2013-04-11 15:20,1369,2551348,44080
2013-04-11 15:25,1278,1250093,20924
2013-04-11 15:30,1253,199738,2269
2013-04-11 15:35,1274,220401,2661
2013-04-11 15:40,1276,191156,2195
2013-04-11 15:45,1289,210366,2417
2013-04-11 15:50,1271,216759,2532
2013-04-11 15:55,1247,173660,2068
2013-04-11 15:59,1038,155679,1839
2013-04-11 16:05,1263,207654,2402
2013-04-11 16:10,1256,181663,2112
2013-04-11 16:15,1279,224433,2801
2013-04-11 16:20,1254,177708,2007
2013-04-11 16:25,1131,238858,2791
2013-04-11 16:30,812,213476,2597
2013-04-11 16:35,746,141776,1447
2013-04-11 16:40,779,161948,1736
2013-04-11 16:45,770,162850,1607
2013-04-11 16:50,769,158716,1679
2013-04-11 16:55,781,170891,1807
2013-04-11 16:59,630,148138,1602
2013-04-11 17:05,748,147582,1567
2013-04-11 17:10,728,141300,1392
2013-04-11 17:15,752,165289,1782
2013-04-11 17:20,737,130080,1300
2013-04-11 17:25,783,187043,2114
2013-04-11 17:30,764,178675,2013
2013-04-11 17:35,755,156896,1761
2013-04-11 17:40,776,196433,2199
2013-04-11 17:45,770,169017,1898
2013-04-11 17:50,804,200908,2368
2013-04-11 17:55,775,188568,2122
2013-04-11 17:59,622,114293,1275
2013-04-11 18:05,758,176709,1902
2013-04-11 18:10,749,160452,1787
2013-04-11 18:15,774,154189,1738
2013-04-11 18:20,748,163176,1715
2013-04-11 18:25,764,162437,1776
2013-04-11 18:30,754,159708,1676
2013-04-11 18:35,746,151541,1573
2013-04-11 18:40,761,176438,1970
2013-04-11 18:45,747,163715,1707
2013-04-11 18:50,753,135560,1405
2013-04-11 18:55,746,167340,1733
2013-04-11 18:59,633,123058,1341
2013-04-11 19:05,746,145299,1553
2013-04-11 19:10,768,176825,1936
2013-04-11 19:15,766,183288,2087
2013-04-11 19:20,734,151850,1563
2013-04-11 19:25,770,174922,2040
2013-04-11 19:30,764,163423,1771
2013-04-11 19:35,786,213920,2573
2013-04-11 19:40,750,165594,1943
2013-04-11 19:45,756,172509,1919
2013-04-11 19:50,789,183900,2061
2013-04-11 19:55,747,171247,1848
2013-04-11 19:59,643,144334,1521
2013-04-11 20:05,769,171821,1924
2013-04-11 20:10,757,169055,1848
2013-04-11 20:15,766,173592,1873
2013-04-11 20:20,767,171263,1988
2013-04-11 20:25,748,171541,1836
2013-04-11 20:30,734,146422,1557
2013-04-11 20:35,770,171487,1898
2013-04-11 20:40,753,171691,1882
2013-04-11 20:45,766,179290,2054
2013-04-11 20:50,760,175756,1962
2013-04-11 20:55,761,163106,1832
2013-04-11 20:59,619,139664,1550
2013-04-11 21:05,764,184724,2056
2013-04-11 21:10,755,179980,2132
2013-04-11 21:15,757,170150,1877
2013-04-11 21:20,696,196348,2336
2013-04-11 21:25,479,168580,1899
2013-04-11 21:30,493,160953,1633
2013-04-11 21:35,483,158919,1743
2013-04-11 21:40,492,158458,1587
2013-04-11 21:45,512,181342,1993
2013-04-11 21:50,486,157343,1648
2013-04-11 21:55,488,157119,1531
2013-04-11 21:59,400,109044,1076
2013-04-11 22:05,502,153270,1485
2013-04-11 22:10,463,134375,1306
2013-04-11 22:15,497,148596,1459
2013-04-11 22:20,487,151267,1561
2013-04-11 22:25,497,166399,1846
2013-04-11 22:30,501,165181,1789
2013-04-11 22:35,492,156143,1612
2013-04-11 22:40,494,157546,1652
2013-04-11 22:45,500,188317,2174
2013-04-11 22:50,485,131611,1344
2013-04-11 22:55,485,154956,1647
2013-04-11 22:59,403,118759,1242
2013-04-11 23:05,506,167733,1688
2013-04-11 23:10,500,151805,1526
2013-04-11 23:15,466,135155,1485
2013-04-11 23:20,469,141694,1480
2013-04-11 23:25,483,156188,1536
2013-04-11 23:30,490,164891,1803
2013-04-11 23:35,486,166693,1725
2013-04-11 23:40,485,141382,1523
2013-04-11 23:45,453,123725,1089
2013-04-11 23:50,489,156490,1667
2013-04-11 23:55,491,162702,1814
2013-04-11 23:59,395,133972,1389
2013-04-12 00:05,480,146158,1666
2013-04-12 00:10,472,140796,1334
2013-04-12 00:15,491,165297,1910
2013-04-12 00:20,467,134998,1219
2013-04-12 00:25,476,130733,1205
2013-04-12 00:30,490,143696,1531
2013-04-12 00:35,511,161592,1706
2013-04-12 00:40,492,139473,1488
2013-04-12 00:45,469,130146,1273
2013-04-12 00:50,508,156880,1636
2013-04-12 00:55,478,125589,1225
2013-04-12 00:59,394,129491,1347
2013-04-12 01:05,499,150383,1619
2013-04-12 01:10,482,147780,1396
2013-04-12 01:15,483,147056,1536
2013-04-12 01:20,483,140709,1446
2013-04-12 01:25,465,133726,1300
2013-04-12 01:30,495,151126,1633
2013-04-12 01:35,497,163033,1644
2013-04-12 01:40,489,135967,1364
2013-04-12 01:45,469,139605,1373
2013-04-12 01:50,486,131817,1268
2013-04-12 01:55,492,147922,1590
2013-04-12 01:59,407,125337,1259
2013-04-12 02:05,491,125259,1219
2013-04-12 02:10,489,160652,1647
2013-04-12 02:15,478,138690,1422
2013-04-12 02:20,449,135268,1293
2013-04-12 02:25,470,121945,1110
2013-04-12 02:30,472,127019,1281
2013-04-12 02:35,472,138981,1309
2013-04-12 02:40,450,100214,945
2013-04-12 02:45,462,130263,1153
2013-04-12 02:50,453,110351,1013
2013-04-12 02:55,457,127510,1137
2013-04-12 02:59,412,117982,1222
2013-04-12 03:05,501,141014,1451
2013-04-12 03:10,476,135011,1329
2013-04-12 03:15,472,128032,1304
2013-04-12 03:20,474,139986,1298
2013-04-12 03:25,480,137820,1417
2013-04-12 03:30,506,178879,2011
2013-04-12 03:35,485,134702,1278
2013-04-12 03:40,515,180073,2033
2013-04-12 03:45,489,152452,1585
2013-04-12 03:50,460,107504,1054
2013-04-12 03:55,507,161339,1704
2013-04-12 03:59,372,88773,874
2013-04-12 04:05,466,131377,1176
2013-04-12 04:10,500,163002,1718
2013-04-12 04:15,483,137890,1288
2013-04-12 04:20,468,127916,1181
2013-04-12 04:25,506,168359,1927
2013-04-12 04:30,464,140620,1357
2013-04-12 04:35,463,128976,1302
2013-04-12 04:40,498,150800,1504
2013-04-12 04:45,470,132364,1357
2013-04-12 04:50,487,135356,1335
2013-04-12 04:55,481,145076,1559
2013-04-12 04:59,380,104141,941
2013-04-12 05:05,476,135708,1355
2013-04-12 05:10,491,160760,1775
2013-04-12 05:15,453,119246,1051
2013-04-12 05:20,473,132708,1353
2013-04-12 05:25,463,118297,1075
2013-04-12 05:30,455,112991,1012
2013-04-12 05:35,477,150902,1571
2013-04-12 05:40,509,189049,2190
2013-04-12 05:45,480,158097,1559
2013-04-12 05:50,335,119315,1064
2013-04-12 05:55,327,100314,861
2013-04-12 05:59,122,102072,983
2013-04-12 06:05,107,113865,981
2013-04-12 06:10,103,144076,1464
2013-04-12 06:15,104,136715,1424
2013-04-12 06:20,101,148296,1510
2013-04-12 06:25,86,117133,1071
2013-04-12 06:30,105,134282,1349
2013-04-12 06:35,93,128835,1176
2013-04-12 06:40,68,92993,767
2013-04-12 06:45,74,94516,648
2013-04-12 06:50,78,90987,798
2013-04-12 06:55,7992,434672,7998
2013-04-12 06:59,21080,47717355,747194
2013-04-12 07:05,36297,216331365,2098264
2013-04-12 07:10,17801,479144712,2025613
2013-04-12 07:15,6636,732834792,2134980
2013-04-12 07:20,3813,726432537,2215618
2013-04-12 07:25,13077,539801311,1917219
2013-04-12 07:30,2764,289621782,1634776
2013-04-12 07:35,3120,113711164,1795245
2013-04-12 07:40,4605,103509300,1531288
2013-04-12 07:45,5047,151534619,1840287
2013-04-12 07:50,4949,73016600,1292583
2013-04-12 07:55,2467,25362697,447108
2013-04-12 07:59,1250,23164440,415183
2013-04-12 08:05,918,19694062,354788
2013-04-12 08:10,911,19707384,355504
2013-04-12 08:15,999,24057792,433309
2013-04-12 08:20,856,18692081,336618
2013-04-12 08:25,2691,17307613,311400
2013-04-12 08:30,1186,30466146,549773
2013-04-12 08:35,836,19284337,347870
2013-04-12 08:40,812,19008241,343358
2013-04-12 08:45,1177,19966331,358381
2013-04-12 08:50,1141,17754089,317363
2013-04-12 08:55,1036,24114042,429530
2013-04-12 08:59,793,19110298,343922
2013-04-12 09:05,731,16502566,297607
2013-04-12 09:10,630,11915198,213914
2013-04-12 09:15,617,12552391,226262
2013-04-12 09:20,663,12773532,229864
2013-04-12 09:25,575,9989677,178796
2013-04-12 09:30,587,9964862,178661
2013-04-12 09:35,710,18107689,328099
2013-04-12 09:40,728,16903502,304941
2013-04-12 09:45,531,8298565,148037
2013-04-12 09:50,504,9587804,172358
2013-04-12 09:55,532,9878994,177412
2013-04-12 09:59,477,7685287,137388
2013-04-12 10:05,498,8822247,158190
2013-04-12 10:10,562,9739111,174537
2013-04-12 10:15,596,10599565,190533
2013-04-12 10:20,616,10668024,191742
2013-04-12 10:25,766,17680354,319723
2013-04-12 10:30,633,12976136,233991
2013-04-12 10:35,625,12444596,224723
2013-04-12 10:40,625,12683411,228569
2013-04-12 10:45,649,12789792,230510
2013-04-12 10:50,600,12135460,219041
2013-04-12 10:55,660,13805828,249482
2013-04-12 10:59,550,10335669,186306
2013-04-12 11:05,617,12823277,231601
2013-04-12 11:10,694,13736601,247896
2013-04-12 11:15,686,14037414,253600
2013-04-12 11:20,661,13610936,245583
2013-04-12 11:25,1354,18991797,343848
2013-04-12 11:30,4216,16967799,306181
2013-04-12 11:35,4273,15117878,272917
2013-04-12 11:40,3591,14486528,261857
2013-04-12 11:45,3126,16295019,295016
2013-04-12 11:50,2575,15127490,273433
2013-04-12 11:55,1246,15224665,275649
2013-04-12 11:59,1047,12450307,225002
2013-04-12 12:05,1206,15181076,274566
2013-04-12 12:10,1225,15498580,280530
2013-04-12 12:15,1257,15246146,275697
2013-04-12 12:20,1231,14397837,259886
2013-04-12 12:25,1199,14216887,256880
2013-04-12 12:30,1326,20153388,365247
2013-04-12 12:35,1243,15521554,280735
2013-04-12 12:40,1179,13574104,244923
2013-04-12 12:45,1189,13393771,242077
2013-04-12 12:50,1137,13856717,250708
2013-04-12 12:55,1092,11668039,210366
2013-04-12 12:59,929,10259771,185016
2013-04-12 13:05,1099,12046600,217941
2013-04-12 13:10,1078,10947360,197243
2013-04-12 13:15,1072,11428409,206164
2013-04-12 13:20,1091,9893417,177969
2013-04-12 13:25,1029,8871297,159311
2013-04-12 13:30,1030,9016779,161831
2013-04-12 13:35,1289,20510441,371114
2013-04-12 13:40,1316,18851171,338544
2013-04-12 13:45,1048,9095837,162222
2013-04-12 13:50,998,8660351,154293
2013-04-12 13:55,947,7348216,130742
2013-04-12 13:59,814,6058308,107448
2013-04-12 14:05,1043,7321381,127642
2013-04-12 14:10,1039,7469024,130027
2013-04-12 14:15,912,5894722,101976
2013-04-12 14:20,957,6777742,117990
2013-04-12 14:25,904,5754107,98446
2013-04-12 14:30,1040,8943286,160072
2013-04-12 14:35,886,6341925,113405
2013-04-12 14:40,924,7151919,128013
2013-04-12 14:45,875,6537627,117109
2013-04-12 14:50,868,6256887,111780
2013-04-12 14:55,856,6011455,107398
2013-04-12 14:59,701,4841598,86408
2013-04-12 15:05,845,5494836,98033
2013-04-12 15:10,1084,13305195,241074
2013-04-12 15:15,876,7491098,134674
2013-04-12 15:20,848,6024343,107675
2013-04-12 15:25,824,5763374,103197
2013-04-12 15:30,805,5233271,93484
2013-04-12 15:35,815,4131383,73409
2013-04-12 15:40,438,2842617,50899
2013-04-12 15:45,385,2136006,38009
2013-04-12 15:50,179,2301288,40821
2013-04-12 15:55,126,1958011,34724
2013-04-12 15:59,105,1707362,30317
2013-04-12 16:05,155,2275962,40665
2013-04-12 16:10,391,10584027,192780
2013-04-12 16:15,209,4594264,83165
2013-04-12 16:20,196,3157114,56657
2013-04-12 16:25,144,2517864,45215
2013-04-12 16:30,170,2278078,40442
2013-04-12 16:35,157,2594833,46576
2013-04-12 16:40,131,2422034,43430
2013-04-12 16:45,147,1958090,34809
2013-04-12 16:50,147,2126914,37799
2013-04-12 16:55,129,2180067,38927
2013-04-12 16:59,110,1937339,34611
2013-04-12 17:05,328,8805871,160750
2013-04-12 17:10,214,4396947,79423
2013-04-12 17:15,150,2683717,48107
2013-04-12 17:20,162,2687640,48198
2013-04-12 17:25,164,2719693,48787
2013-04-12 17:30,154,2570047,46041
2013-04-12 17:35,145,1877945,33324
2013-04-12 17:40,152,2135863,37993
2013-04-12 17:45,135,2403639,43161
2013-04-12 17:50,151,2279236,40496
2013-04-12 17:55,151,2220623,39614
2013-04-12 17:59,132,1956169,34827
2013-04-12 18:05,121,2411626,43365
2013-04-12 18:10,402,10710941,195241
2013-04-12 18:15,194,4031295,72791
2013-04-12 18:20,164,2927524,52472
2013-04-12 18:25,174,2862174,51355
2013-04-12 18:30,152,2783629,49933
2013-04-12 18:35,137,2702953,48635
2013-04-12 18:40,158,2306607,40986
2013-04-12 18:45,127,2019646,35929
2013-04-12 18:50,114,2082267,37378
2013-04-12 18:55,152,2585385,46368
2013-04-12 18:59,125,1734354,30774
2013-04-12 19:05,123,1953498,34878
2013-04-12 19:10,370,9376473,170837
2013-04-12 19:15,199,4016039,72535
2013-04-12 19:20,169,3309728,59476
2013-04-12 19:25,178,2972523,53369
2013-04-12 19:30,183,2691386,48149
2013-04-12 19:35,144,2857213,51502
2013-04-12 19:40,178,2999681,53882
2013-04-12 19:45,163,2669721,47898
2013-04-12 19:50,139,2572910,46121
2013-04-12 19:55,158,1957927,34808
2013-04-12 19:59,136,1731583,30705
2013-04-12 20:05,141,2262013,40468
2013-04-12 20:10,170,2294625,40945
2013-04-12 20:15,339,9141314,166747
2013-04-12 20:20,287,6197463,112285
2013-04-12 20:25,189,3195047,57351
2013-04-12 20:30,163,3141665,56503
2013-04-12 20:35,137,2295761,41138
2013-04-12 20:40,160,3012835,54047
2013-04-12 20:45,134,2862457,51597
2013-04-12 20:50,161,2163638,38450
2013-04-12 20:55,141,2409481,43209
2013-04-12 20:59,119,1565491,27671
2013-04-12 21:05,141,1972175,35013
2013-04-12 21:10,157,2273813,40674
2013-04-12 21:15,228,6037729,109954
2013-04-12 21:20,357,9311994,169697
2013-04-12 21:25,199,3557520,64202
2013-04-12 21:30,161,2467362,43906
2013-04-12 21:35,162,2770785,49850
2013-04-12 21:40,160,2753803,49462
2013-04-12 21:45,151,2338880,41848
2013-04-12 21:50,144,2790273,50238
2013-04-12 21:55,162,2616282,46837
2013-04-12 21:59,108,2086305,37488
2013-04-12 22:05,124,2246623,40298
2013-04-12 22:10,259,5701332,103439
2013-04-12 22:15,358,10013066,183010
2013-04-12 22:20,205,3357283,60236
2013-04-12 22:25,168,3280847,59217
2013-04-12 22:30,174,2351071,41903
2013-04-12 22:35,169,2917260,52487
2013-04-12 22:40,158,2662875,47773
2013-04-12 22:45,141,1890950,33569
2013-04-12 22:50,142,2498139,44756
2013-04-12 22:55,126,2244555,40249
2013-04-12 22:59,167,2593594,46519
2013-04-12 23:05,118,1924004,34312
2013-04-12 23:10,151,2043181,36211
2013-04-12 23:15,348,8633857,157249
2013-04-12 23:20,218,4657799,84152
2013-04-12 23:25,178,3767093,68118
2013-04-12 23:30,182,2981091,53570
2013-04-12 23:35,152,1982302,35193
2013-04-12 23:40,140,2456746,44082
2013-04-12 23:45,157,2205226,39412
2013-04-12 23:50,147,2663974,47839
2013-04-12 23:55,140,2175784,38887
2013-04-12 23:59,128,1499178,26542
2013-04-13 00:05,126,143968,1317
2013-04-13 00:10,236,341141,2933
2013-04-13 00:15,225,291275,2447
2013-04-13 00:20,192,298864,2339
2013-04-13 00:25,235,332113,2738
2013-04-13 00:30,300,378957,3406
2013-04-13 00:35,276,406063,3684
2013-04-13 00:40,237,358151,2976
2013-04-13 00:45,249,363862,2999
2013-04-13 00:50,257,370449,3017
2013-04-13 00:55,252,369891,2919
2013-04-13 00:59,202,313744,2596
2013-04-13 01:05,325,463208,4158
2013-04-13 01:10,286,412607,3385
2013-04-13 01:15,231,355740,2715
2013-04-13 01:20,329,438799,4046
2013-04-13 01:25,294,418080,3738
2013-04-13 01:30,293,421737,3998
2013-04-13 01:35,318,446507,4331
2013-04-13 01:40,258,341422,2795
2013-04-13 01:45,292,405889,3950
2013-04-13 01:50,263,371191,3434
2013-04-13 01:55,296,354122,3207
2013-04-13 01:59,190,256714,2207
2013-04-13 02:05,295,402543,4092
2013-04-13 02:10,246,334300,3072
2013-04-13 02:15,259,318066,2901
2013-04-13 02:20,237,312729,2846
2013-04-13 02:25,237,326702,3146
2013-04-13 02:30,312,387279,4191
2013-04-13 02:35,325,439233,4953
2013-04-13 02:40,271,382376,4162
2013-04-13 02:45,271,336391,3466
2013-04-13 02:50,293,379695,4153
2013-04-13 02:55,294,408458,4555
2013-04-13 02:59,214,267807,2640
2013-04-13 03:05,253,312402,2948
2013-04-13 03:10,236,311573,3040
2013-04-13 03:15,268,364272,3983
2013-04-13 03:20,286,374133,4105
2013-04-13 03:25,243,326465,3165
2013-04-13 03:30,228,273366,2339
2013-04-13 03:35,250,306193,2970
2013-04-13 03:40,251,297139,2732
2013-04-13 03:45,254,313286,3067
2013-04-13 03:50,257,345401,3650
2013-04-13 03:55,302,362362,3891
2013-04-13 03:59,218,267771,2747
2013-04-13 04:05,208,284151,2782
2013-04-13 04:10,269,350786,3837
2013-04-13 04:15,281,348389,3825
2013-04-13 04:20,266,351028,3740
2013-04-13 04:25,275,369069,3889
2013-04-13 04:30,269,334805,3347
2013-04-13 04:35,244,333119,3450
2013-04-13 04:40,269,350514,3681
2013-04-13 04:45,228,263313,2460
2013-04-13 04:50,206,246709,2206
2013-04-13 04:55,169,248460,2413
2013-04-13 04:59,162,242216,2565
2013-04-13 05:05,251,321350,3407
2013-04-13 05:10,199,280380,2721
2013-04-13 05:15,214,275738,2561
2013-04-13 05:20,243,295518,2880
2013-04-13 05:25,211,285376,2667
2013-04-13 05:30,201,260850,2357
2013-04-13 05:35,206,267686,2568
2013-04-13 05:40,241,311685,3225
2013-04-13 05:45,2044,466485,6163
2013-04-13 05:50,2976,548444,7736
2013-04-13 05:55,3212,547518,7608
2013-04-13 05:59,2725,478436,6802
2013-04-13 06:05,3254,563219,7916
2013-04-13 06:10,2010,423100,5385
2013-04-13 06:15,1264,307863,3377
2013-04-13 06:20,1429,343845,3912
2013-04-13 06:25,836,294523,3072
2013-04-13 06:30,840,277772,2818
2013-04-13 06:35,827,356792,4136
2013-04-13 06:40,788,264637,2506
2013-04-13 06:45,832,287993,3005
2013-04-13 06:50,808,266183,2761
2013-04-13 06:55,1243,12292984,222228
2013-04-13 06:59,9687,65394380,1120273
2013-04-13 07:05,43605,242115180,2114649
2013-04-13 07:10,10555,818102401,2225362
2013-04-13 07:15,4296,949015938,2324982
2013-04-13 07:20,3776,393267137,2040506
2013-04-13 07:25,4823,188747854,1916845
2013-04-13 07:30,7914,118120442,1844017
2013-04-13 07:35,7987,107328768,1818853
2013-04-13 07:40,7178,75279372,1339782
2013-04-13 07:45,6162,39220308,694451
2013-04-13 07:50,5747,25657232,451736
2013-04-13 07:55,5699,22740160,396922
2013-04-13 07:59,6204,21799694,377857
2013-04-13 08:05,5724,19813272,346424
2013-04-13 08:10,5516,18375886,321248
2013-04-13 08:15,7312,16573665,288464
2013-04-13 08:20,5364,14953265,259116
2013-04-13 08:25,4207,13866152,242425
2013-04-13 08:30,1186,13194522,239298
2013-04-13 08:35,1136,12752811,231027
2013-04-13 08:40,1126,12853843,232854
2013-04-13 08:45,1160,12835843,232730
2013-04-13 08:50,1080,11936967,216208
2013-04-13 08:55,1090,11694886,212101
2013-04-13 08:59,918,10180066,184441
2013-04-13 09:05,1027,9386315,169629
2013-04-13 09:10,1015,9267932,167728
2013-04-13 09:15,1002,9005983,162794
2013-04-13 09:20,1144,13414703,242899
2013-04-13 09:25,1036,9672713,174917
2013-04-13 09:30,1004,8983155,162088
2013-04-13 09:35,949,6583651,118405
2013-04-13 09:40,964,7137627,128312
2013-04-13 09:45,1021,8676401,156493
2013-04-13 09:50,993,8798595,158966
2013-04-13 09:55,1040,8965288,162041
2013-04-13 09:59,871,8079165,146405
2013-04-13 10:05,1018,9895960,179149
2013-04-13 10:10,1072,10591171,192080
2013-04-13 10:15,1075,10633994,192598
2013-04-13 10:20,1053,10631355,192804
2013-04-13 10:25,1140,9643906,174281
2013-04-13 10:30,1064,9628079,174289
2013-04-13 10:35,1023,10011718,181190
2013-04-13 10:40,804,10405798,188851
2013-04-13 10:45,845,10627629,192513
2013-04-13 10:50,810,10102823,183161
2013-04-13 10:55,832,10498069,190144
2013-04-13 10:59,737,9328873,169066
2013-04-13 11:05,852,11226418,203565
2013-04-13 11:10,847,11534740,209339
2013-04-13 11:15,869,11597808,210315
2013-04-13 11:20,850,11714314,213071
2013-04-13 11:25,899,12265182,222680
2013-04-13 11:30,891,12370247,224458
2013-04-13 11:35,875,12122016,220121
2013-04-13 11:40,895,12467294,226589
2013-04-13 11:45,903,12484892,226509
2013-04-13 11:50,868,12609893,229065
2013-04-13 11:55,915,13007535,235731
2013-04-13 11:59,747,10910073,198120
2013-04-13 12:05,859,12240027,222264
2013-04-13 12:10,882,12097363,219800
2013-04-13 12:15,866,11846028,214763
2013-04-13 12:20,833,11567744,210119
2013-04-13 12:25,844,11159383,202336
2013-04-13 12:30,839,10669869,193370
2013-04-13 12:35,796,10381751,188037
2013-04-13 12:40,777,9980022,180900
2013-04-13 12:45,799,9576386,173450
2013-04-13 12:50,777,9243305,167295
2013-04-13 12:55,767,9022833,163113
2013-04-13 12:59,609,7028493,127228
2013-04-13 13:05,755,8115924,146645
2013-04-13 13:10,733,7552161,136373
2013-04-13 13:15,723,7230097,130044
2013-04-13 13:20,702,6759341,121788
2013-04-13 13:25,706,6538120,117771
2013-04-13 13:30,664,6084988,109243
2013-04-13 13:35,687,5771269,103334
2013-04-13 13:40,637,5281245,94865
2013-04-13 13:45,612,4797693,85869
2013-04-13 13:50,663,4660627,83158
2013-04-13 13:55,666,4165959,74237
2013-04-13 13:59,458,3103248,55286
2013-04-13 14:05,623,3700382,65290
2013-04-13 14:10,615,4020969,71506
2013-04-13 14:15,590,4070360,72711
2013-04-13 14:20,616,4251841,75399
2013-04-13 14:25,671,4492844,79757
2013-04-13 14:30,611,4239698,75892
2013-04-13 14:35,614,4352663,77500
2013-04-13 14:40,579,4067359,72331
2013-04-13 14:45,621,3890703,69218
2013-04-13 14:50,576,3535941,62764
2013-04-13 14:55,587,3244599,57051
2013-04-13 14:59,486,2708381,47682
2013-04-13 15:05,584,3074654,54159
2013-04-13 15:10,543,2720439,47832
2013-04-13 15:15,564,2535631,43936
2013-04-13 15:20,579,2370254,41011
2013-04-13 15:25,470,562573,8891
2013-04-13 15:30,467,142431,1495
2013-04-13 15:35,504,188288,2024
2013-04-13 15:40,465,144985,1564
2013-04-13 15:45,475,173393,1848
2013-04-13 15:50,482,173547,1877
2013-04-13 15:55,488,149853,1468
2013-04-13 15:59,393,138737,1429
2013-04-13 16:05,467,156016,1629
2013-04-13 16:10,504,159860,1661
2013-04-13 16:15,482,190315,2091
2013-04-13 16:20,455,153548,1580
2013-04-13 16:25,474,152254,1415
2013-04-13 16:30,516,209957,2505
2013-04-13 16:35,485,169999,1777
2013-04-13 16:40,461,137820,1345
2013-04-13 16:45,521,182711,1981
2013-04-13 16:50,442,135146,1213
2013-04-13 16:55,480,164998,1796
2013-04-13 16:59,414,137485,1472
2013-04-13 17:05,456,139600,1250
2013-04-13 17:10,491,172584,2005
2013-04-13 17:15,505,220845,2542
2013-04-13 17:20,465,136279,1377
2013-04-13 17:25,462,144921,1412
2013-04-13 17:30,454,130385,1243
2013-04-13 17:35,483,132300,1237
2013-04-13 17:40,469,163206,1702
2013-04-13 17:45,460,145194,1377
2013-04-13 17:50,466,130357,1216
2013-04-13 17:55,454,129366,1163
2013-04-13 17:59,362,93855,841
2013-04-13 18:05,458,149585,1413
2013-04-13 18:10,484,157340,1705
2013-04-13 18:15,477,165731,1671
2013-04-13 18:20,469,156038,1606
2013-04-13 18:25,504,206543,2319
2013-04-13 18:30,461,123940,1142
2013-04-13 18:35,478,171957,1861
2013-04-13 18:40,450,125250,1093
2013-04-13 18:45,484,140357,1274
2013-04-13 18:50,466,165355,1793
2013-04-13 18:55,442,142248,1278
2013-04-13 18:59,397,97599,929
2013-04-13 19:05,468,162796,1643
2013-04-13 19:10,469,144612,1453
2013-04-13 19:15,480,148035,1354
2013-04-13 19:20,461,128601,1262
2013-04-13 19:25,485,157609,1511
2013-04-13 19:30,442,119418,1078
2013-04-13 19:35,504,184199,2056
2013-04-13 19:40,467,150124,1491
2013-04-13 19:45,461,140547,1374
2013-04-13 19:50,485,153807,1610
2013-04-13 19:55,486,173458,1823
2013-04-13 19:59,373,106326,1067
2013-04-13 20:05,499,197560,2180
2013-04-13 20:10,497,154390,1616
2013-04-13 20:15,466,166004,1753
2013-04-13 20:20,474,159688,1749
2013-04-13 20:25,482,153497,1429
2013-04-13 20:30,442,109759,1003
2013-04-13 20:35,464,160750,1674
2013-04-13 20:40,465,132068,1221
2013-04-13 20:45,468,131026,1163
2013-04-13 20:50,445,117231,1044
2013-04-13 20:55,464,164361,1692
2013-04-13 20:59,405,124672,1321
2013-04-13 21:05,473,168789,1842
2013-04-13 21:10,445,120126,1205
2013-04-13 21:15,490,166692,1693
2013-04-13 21:20,484,141771,1523
2013-04-13 21:25,471,171083,1705
2013-04-13 21:30,462,148488,1550
2013-04-13 21:35,483,146729,1447
2013-04-13 21:40,453,139576,1441
2013-04-13 21:45,481,163238,1841
2013-04-13 21:50,481,142662,1374
2013-04-13 21:55,473,166026,1753
2013-04-13 21:59,384,130568,1266
2013-04-13 22:05,478,157227,1749
2013-04-13 22:10,467,133647,1305
2013-04-13 22:15,455,137923,1394
2013-04-13 22:20,449,113971,1083
2013-04-13 22:25,470,145237,1304
2013-04-13 22:30,432,113634,1061
2013-04-13 22:35,437,177618,1727
2013-04-13 22:40,326,88947,773
2013-04-13 22:45,215,136141,1157
2013-04-13 22:50,74,95502,678
2013-04-13 22:55,83,141169,1221
2013-04-13 22:59,85,97201,810
2013-04-13 23:05,92,126988,1157
2013-04-13 23:10,77,118313,1035
2013-04-13 23:15,100,104593,848
2013-04-13 23:20,6269,5322737,78545
2013-04-13 23:25,5374,80829972,1437007
2013-04-13 23:30,2593,86144355,1539863
2013-04-13 23:35,2670,94138391,1683999
2013-04-13 23:40,2727,91291968,1626426
2013-04-13 23:45,2595,90638508,1625956
2013-04-13 23:50,2874,94077469,1670706
2013-04-13 23:55,2735,93751359,1680263
2013-04-13 23:59,2346,83101476,1483339
2013-04-14 00:05,2822,99326127,1768411
2013-04-14 00:10,2858,93889122,1657632
2013-04-14 00:15,2689,95041113,1700629
2013-04-14 00:20,2703,91224500,1631957
2013-04-14 00:25,2818,95242803,1703283
2013-04-14 00:30,3107,105919790,1861817
2013-04-14 00:35,3011,95310315,1671229
2013-04-14 00:40,2757,94762812,1698878
2013-04-14 00:45,2829,96783578,1731691
2013-04-14 00:50,2817,97772906,1746921
2013-04-14 00:55,2812,99661646,1778020
2013-04-14 00:59,2540,88748793,1565026
2013-04-14 01:05,3089,110668324,1916851
2013-04-14 01:10,2930,107661434,1915233
2013-04-14 01:15,2895,101164237,1805945
2013-04-14 01:20,2934,103413952,1844097
2013-04-14 01:25,2856,102033846,1819200
2013-04-14 01:30,3194,111456393,1931137
2013-04-14 01:35,3173,155644728,2134180
2013-04-14 01:40,2912,115213384,1833903
2013-04-14 01:45,1516,55612965,986708
2013-04-14 01:50,195,256730,2477
2013-04-14 01:55,120,181053,1157
2013-04-14 01:59,154,210683,1883
2013-04-14 02:05,213,276164,2621
2013-04-14 02:10,163,225399,1740
2013-04-14 02:15,219,266053,2452
2013-04-14 02:20,190,268653,2392
2013-04-14 02:25,142,195132,1377
2013-04-14 02:30,206,279776,2614
2013-04-14 02:35,172,223079,1765
2013-04-14 02:40,193,269299,2486
2013-04-14 02:45,180,230017,1976
2013-04-14 02:50,207,280152,2620
2013-04-14 02:55,170,233933,2031
2013-04-14 02:59,204,291388,3094
2013-04-14 03:05,158,215228,1851
2013-04-14 03:10,166,222783,1686
2013-04-14 03:15,198,238825,2161
2013-04-14 03:20,132,200725,1414
2013-04-14 03:25,209,287790,2958
2013-04-14 03:30,161,232000,1964
2013-04-14 03:35,165,229474,1843
2013-04-14 03:40,210,281530,2737
2013-04-14 03:45,198,282567,2716
2013-04-14 03:50,173,228764,1864
2013-04-14 03:55,204,268014,2618
2013-04-14 03:59,131,188749,1669
2013-04-14 04:05,134,190587,1473
2013-04-14 04:10,216,276434,2446
2013-04-14 04:15,180,241031,2192
2013-04-14 04:20,160,232876,1941
2013-04-14 04:25,208,241071,2139
2013-04-14 04:30,189,272460,2610
2013-04-14 04:35,181,265520,2587
2013-04-14 04:40,226,290107,2877
2013-04-14 04:45,183,263059,2380
2013-04-14 04:50,198,250115,2265
2013-04-14 04:55,188,257893,2384
2013-04-14 04:59,135,186268,1523
2013-04-14 05:05,153,224667,2005
2013-04-14 05:10,223,300916,3049
2013-04-14 05:15,138,185337,1322
2013-04-14 05:20,151,213430,1760
2013-04-14 05:25,183,246209,2111
2013-04-14 05:30,145,204751,1366
2013-04-14 05:35,185,251114,2254
2013-04-14 05:40,185,243018,2272
2013-04-14 05:45,151,222435,1937
2013-04-14 05:50,191,256144,2302
2013-04-14 05:55,201,275979,2605
2013-04-14 05:59,115,159555,1115
2013-04-14 06:05,191,243890,2113
2013-04-14 06:10,195,283300,2708
2013-04-14 06:15,142,208862,1640
2013-04-14 06:20,174,251905,2269
2013-04-14 06:25,145,189550,1407
2013-04-14 06:30,140,215151,1744
2013-04-14 06:35,204,268466,2460
2013-04-14 06:40,18830,2233419,21803
2013-04-14 06:45,3066,872330,5497
2013-04-14 06:50,42368,123752205,1736805
2013-04-14 06:55,23142,477835705,2088710
2013-04-14 06:59,4808,838366118,1876430
2013-04-14 07:05,3458,590190156,2145485
2013-04-14 07:10,20146,197911812,1664426
2013-04-14 07:15,14945,87508790,1001851
2013-04-14 07:20,4541,42773314,672798
2013-04-14 07:25,10555,35706866,588174
2013-04-14 07:30,8866,32518824,427838
2013-04-14 07:35,5621,22450465,307373
2013-04-14 07:40,7201,16953671,277252
2013-04-14 07:45,5097,14798022,251338
2013-04-14 07:50,4985,14632775,241906
2013-04-14 07:55,4953,14118263,235177
2013-04-14 07:59,4149,11107437,188436
2013-04-14 08:05,4962,13136067,222714
2013-04-14 08:10,4975,12894677,218200
2013-04-14 08:15,4916,12387958,209138
2013-04-14 08:20,3902,11637399,198514
2013-04-14 08:25,717,9635692,171418
2013-04-14 08:30,741,9596907,170131
2013-04-14 08:35,626,8902763,158009
2013-04-14 08:40,691,9065787,160944
2013-04-14 08:45,630,8467196,150787
2013-04-14 08:50,507,8088194,144147
2013-04-14 08:55,507,7569774,134871
2013-04-14 08:59,478,6223873,110800
2013-04-14 09:05,468,6956717,124075
2013-04-14 09:10,3326,6832904,121621
2013-04-14 09:15,14767,65818241,1116191
2013-04-14 09:20,25134,287691766,2224992
2013-04-14 09:25,25125,453163407,2269526
2013-04-14 09:30,18950,418223219,2183598
2013-04-14 09:35,7204,878959981,2344431
2013-04-14 09:40,10494,832607543,2186041
2013-04-14 09:45,5297,620897353,1887219
2013-04-14 09:50,7322,294046519,1906655
2013-04-14 09:55,5081,131356172,1822240
2013-04-14 09:59,3100,97045002,1451129
2013-04-14 10:05,5890,81111737,1376296
2013-04-14 10:10,1350,36832166,653435
2013-04-14 10:15,3298,36828197,662094
2013-04-14 10:20,1208,29832824,538337
2013-04-14 10:25,1092,27677070,499090
2013-04-14 10:30,1473,39045901,690985
2013-04-14 10:35,1291,35313977,630244
2013-04-14 10:40,1091,26657299,482581
2013-04-14 10:45,1030,25248697,457904
2013-04-14 10:50,979,23221680,420282
2013-04-14 10:55,1043,24912578,449616
2013-04-14 10:59,898,22075693,400835
2013-04-14 11:05,1127,27185809,492102
2013-04-14 11:10,1451,20907347,378953
2013-04-14 11:15,3002,21257838,385167
2013-04-14 11:20,2969,20574744,372750
2013-04-14 11:25,2945,20896557,379035
2013-04-14 11:30,3020,20941212,379898
2013-04-14 11:35,2578,20233114,366758
2013-04-14 11:40,1153,20386969,369446
2013-04-14 11:45,1128,20078287,364041
2013-04-14 11:50,1118,20146833,364902
2013-04-14 11:55,1152,20315114,368212
2013-04-14 11:59,927,15873095,287672
2013-04-14 12:05,1099,18293025,330996
2013-04-14 12:10,1036,17504296,316606
2013-04-14 12:15,1028,17400130,315123
2013-04-14 12:20,1259,17505784,316906
2013-04-14 12:25,3578,17928487,324375
2013-04-14 12:30,5315,17748148,320948
2013-04-14 12:35,5948,17628739,319140
2013-04-14 12:40,5214,17613226,318306
2013-04-14 12:45,4833,17582415,317954
2013-04-14 12:50,4384,17840588,322843
2013-04-14 12:55,4634,17842579,322988
2013-04-14 12:59,3841,14723839,266265
2013-04-14 13:05,4594,17633071,319000
2013-04-14 13:10,3844,17191477,311356
2013-04-14 13:15,2504,17209417,311633
2013-04-14 13:20,2242,16621301,299966
2013-04-14 13:25,2204,16414816,296958
2013-04-14 13:30,2246,16607387,300186
2013-04-14 13:35,2215,16324075,295170
2013-04-14 13:40,2190,16048936,290081
2013-04-14 13:45,2186,15385867,278168
2013-04-14 13:50,2251,15726327,284462
2013-04-14 13:55,2217,15789124,285410
2013-04-14 13:59,1800,12775197,230518
2013-04-14 14:05,2159,15833161,286565
2013-04-14 14:10,2181,15948784,288620
2013-04-14 14:15,77574,38902120,675705
2013-04-14 14:20,322236,111217064,1886195
2013-04-14 14:25,328283,119079620,1862171
2013-04-14 14:30,856438,386915853,5604336
2013-04-14 14:35,1199933,407573654,6273478
2013-04-14 14:40,1211694,388543453,6316604
2013-04-14 14:45,1305491,401186489,6569936
2013-04-14 14:50,1315822,432452859,6464226
2013-04-14 14:55,1304687,404126077,6368472
2013-04-14 14:59,1080239,316468714,5232972
2013-04-14 15:05,1288457,370144758,6233038
2013-04-14 15:10,863608,261092485,4338093
2013-04-14 15:15,188665,65194853,1093602
2013-04-14 15:20,3552,10738508,193452
2013-04-14 15:25,2174,9874610,178582
2013-04-14 15:30,2157,9226885,166774
2013-04-14 15:35,2147,8908867,161068
2013-04-14 15:40,1913,8220435,148465
2013-04-14 15:45,1846,7991859,144300
2013-04-14 15:50,1854,7782035,140247
2013-04-14 15:55,1827,7326133,131856
2013-04-14 15:59,1507,5654951,101365
2013-04-14 16:05,1809,6367998,114871
2013-04-14 16:10,1783,5987043,107475
2013-04-14 16:15,1824,5574584,99675
2013-04-14 16:20,1799,5388441,96255
2013-04-14 16:25,1536,4672095,83481
2013-04-14 16:30,1473,4423411,78757
2013-04-14 16:35,1515,4065431,71832
2013-04-14 16:40,1333,3780629,67015
2013-04-14 16:45,1184,3849610,68408
2013-04-14 16:50,1239,4105615,72639
2013-04-14 16:55,1196,4353761,77470
2013-04-14 16:59,1001,3874783,69270
2013-04-14 17:05,1353,4404314,77989
2013-04-14 17:10,1081,4540183,80975
2013-04-14 17:15,977,4045956,72006
2013-04-14 17:20,787,3935520,69768
2013-04-14 17:25,676,3705041,65718
2013-04-14 17:30,709,3376631,59409
2013-04-14 17:35,736,3342914,59039
2013-04-14 17:40,690,3067173,54022
2013-04-14 17:45,727,2830728,49346
2013-04-14 17:50,671,2797889,48814
2013-04-14 17:55,397,2540097,44125
2013-04-14 17:59,175,1727988,29608
2013-04-14 18:05,122,141241,1347
2013-04-14 18:10,99,131282,1009
2013-04-14 18:15,132,155029,1426
2013-04-14 18:20,110,124293,998
2013-04-14 18:25,91,113169,767
2013-04-14 18:30,140,171311,1716
2013-04-14 18:35,90,118868,1031
2013-04-14 18:40,139,154455,1371
2013-04-14 18:45,139,156835,1528
2013-04-14 18:50,83,117591,868
2013-04-14 18:55,97,104590,736
2013-04-14 18:59,103,124443,1086
2013-04-14 19:05,76,102040,640
2013-04-14 19:10,124,138116,1183
2013-04-14 19:15,112,146169,1418
2013-04-14 19:20,83,109269,741
2013-04-14 19:25,127,164793,1663
2013-04-14 19:30,122,174116,1674
2013-04-14 19:35,77,91364,621
2013-04-14 19:40,123,161833,1638
2013-04-14 19:45,110,152818,1475
2013-04-14 19:50,79,107926,862
2013-04-14 19:55,105,124009,1000
2013-04-14 19:59,79,111593,1114
2013-04-14 20:05,99,131070,1096
2013-04-14 20:10,126,179916,1827
2013-04-14 20:15,77,100949,857
2013-04-14 20:20,110,136206,1074
2013-04-14 20:25,116,161767,1771
2013-04-14 20:30,107,141118,1213
2013-04-14 20:35,102,132736,1158
2013-04-14 20:40,120,143478,1378
2013-04-14 20:45,89,102746,676
2013-04-14 20:50,114,143660,1291
2013-04-14 20:55,105,112768,884
2013-04-14 20:59,70,90946,640
2013-04-14 21:05,81,100486,807
2013-04-14 21:10,98,119588,812
2013-04-14 21:15,91,105537,760
2013-04-14 21:20,106,131996,1088
2013-04-14 21:25,94,111716,876
2013-04-14 21:30,93,106248,757
2013-04-14 21:35,101,134076,1244
2013-04-14 21:40,116,153617,1415
2013-04-14 21:45,75,93122,611
2013-04-14 21:50,122,148350,1340
2013-04-14 21:55,115,131708,1164
2013-04-14 21:59,93,109586,827
2013-04-14 22:05,98,115919,918
2013-04-14 22:10,80,110363,732
2013-04-14 22:15,86,103524,760
2013-04-14 22:20,109,129473,1156
2013-04-14 22:25,83,103324,702
2013-04-14 22:30,86,106872,734
2013-04-14 22:35,110,142791,1440
2013-04-14 22:40,123,134505,1054
2013-04-14 22:45,87,109442,846
2013-04-14 22:50,113,148490,1278
2013-04-14 22:55,112,115771,818
2013-04-14 22:59,87,103751,882
2013-04-14 23:05,93,113960,882
2013-04-14 23:10,109,118424,903
2013-04-14 23:15,87,117583,928
2013-04-14 23:20,98,135063,1086
2013-04-14 23:25,110,122552,1051
2013-04-14 23:30,113,153280,1427
2013-04-14 23:35,87,119882,1043
2013-04-14 23:40,123,164443,1661
2013-04-14 23:45,63,62930,482
2013-04-14 23:49,10,2322,14
2013-04-14 23:55,8,4090,37
2013-04-14 23:59,10,2601,12
2013-04-15 00:05,8,1564,12
2013-04-15 00:10,12,2628,14
2013-04-15 00:13,9,2299,12
2013-04-15 00:20,8,1623,11
2013-04-15 00:25,12,5561,43
2013-04-15 00:29,6,1570,9
2013-04-15 00:35,12,2593,15
2013-04-15 00:40,8,1428,9
2013-04-15 00:45,13,2334,15
2013-04-15 00:49,13,2544,17
2013-04-15 00:55,7,3368,34
2013-04-15 00:59,12,5213,41
2013-04-15 01:05,5,1294,9
2013-04-15 01:10,8,1485,8
2013-04-15 01:13,9,2299,12
2013-04-15 01:20,5,1353,8
2013-04-15 01:25,10,4751,39
2013-04-15 01:30,11,4360,40
2013-04-15 01:35,9,2325,12
2013-04-15 01:40,5,1005,6
2013-04-15 01:45,45,52239,325
2013-04-15 01:50,84,107066,776
2013-04-15 01:55,100,138126,1329
2013-04-15 01:59,76,113433,1036
2013-04-15 02:05,91,103620,842
2013-04-15 02:10,110,140159,1254
2013-04-15 02:15,92,99638,799
2013-04-15 02:20,94,122950,964
2013-04-15 02:25,75,102272,833
2013-04-15 02:30,83,107435,879
2013-04-15 02:35,75,101800,766
2013-04-15 02:40,108,130508,1211
2013-04-15 02:45,81,105323,676
2013-04-15 02:50,90,127917,1118
2013-04-15 02:55,130,166531,1709
2013-04-15 02:59,67,99852,823
2013-04-15 03:05,70,92368,721
2013-04-15 03:10,109,154710,1461
2013-04-15 03:15,86,90071,631
2013-04-15 03:20,97,137259,1182
2013-04-15 03:25,104,119790,1111
2013-04-15 03:30,97,118034,873
2013-04-15 03:35,73,105147,934
2013-04-15 03:40,107,150176,1424
2013-04-15 03:45,69,95777,716
2013-04-15 03:50,100,134985,1223
2013-04-15 03:55,104,139312,1332
2013-04-15 03:59,102,114057,1014
2013-04-15 04:05,105,151639,1472
2013-04-15 04:10,83,116074,928
2013-04-15 04:15,99,122429,1074
2013-04-15 04:20,107,127193,1139
2013-04-15 04:25,82,113065,1006
2013-04-15 04:30,119,154548,1462
2013-04-15 04:35,70,84103,665
2013-04-15 04:40,102,121563,970
2013-04-15 04:45,80,109038,968
2013-04-15 04:50,89,128416,1000
2013-04-15 04:55,101,121971,1107
2013-04-15 04:59,87,125293,1161
2013-04-15 05:05,108,140020,1349
2013-04-15 05:10,98,135862,1265
2013-04-15 05:15,89,111858,886
2013-04-15 05:20,109,138470,1375
2013-04-15 05:25,86,120953,1082
2013-04-15 05:30,133,159555,1594
2013-04-15 05:35,89,118556,1072
2013-04-15 05:40,77,102695,714
2013-04-15 05:45,103,120597,1111
2013-04-15 05:50,113,132153,1106
2013-04-15 05:55,82,95034,782
2013-04-15 05:59,112,149822,1496
2013-04-15 06:05,89,92895,665
2013-04-15 06:10,87,125423,993
2013-04-15 06:15,96,117562,1040
2013-04-15 06:20,89,121370,969
2013-04-15 06:25,83,113572,917
2013-04-15 06:30,97,108961,858
2013-04-15 06:35,78,101941,828
2013-04-15 06:40,83,105680,862
2013-04-15 06:45,63,79907,536
2013-04-15 06:50,6649,1527402,8729
2013-04-15 06:55,3009,683587,3923
2013-04-15 06:59,9149,27130563,442846
2013-04-15 07:05,43535,209682698,2131497
2013-04-15 07:10,9226,835164546,2164871
2013-04-15 07:15,3708,1000013407,2262338
2013-04-15 07:20,4412,449407478,2092582
2013-04-15 07:25,14132,204567024,1785311
2013-04-15 07:30,2551,101242902,1303951
2013-04-15 07:35,5095,62294164,974175
2013-04-15 07:40,4738,16940378,295866
2013-04-15 07:45,2046,10760150,191967
2013-04-15 07:50,6514,13483313,236094
2013-04-15 07:55,4785,7044312,122839
2013-04-15 07:59,2903,4677041,63443
2013-04-15 08:05,2777,2545201,42289
2013-04-15 08:10,2627,7587032,134683
2013-04-15 08:15,1064,6856092,121312
2013-04-15 08:20,866,2639904,44713
2013-04-15 08:25,849,2356864,39671
2013-04-15 08:30,841,2378081,40189
2013-04-15 08:35,802,2452087,41830
2013-04-15 08:40,6822,25570659,369913
2013-04-15 08:45,36802,217428522,2122806
2013-04-15 08:50,18889,485001391,2082810
2013-04-15 08:55,7592,737789778,2176290
2013-04-15 08:59,4013,641632803,1900050
2013-04-15 09:05,13947,538055109,1990285
2013-04-15 09:10,3075,278400734,1373062
2013-04-15 09:15,801,2861089,49369
2013-04-15 09:20,753,655850,9394
2013-04-15 09:25,799,394218,4386
2013-04-15 09:30,749,324922,3363
2013-04-15 09:35,728,297051,3051
2013-04-15 09:40,769,381406,4367
2013-04-15 09:45,742,339526,3584
2013-04-15 09:50,735,338493,3614
2013-04-15 09:55,876,3176212,54925
2013-04-15 09:59,1322,15824762,283318
2013-04-15 10:00,4,186259,3402