{
  "size": 16,
  "name": "0411 Port 80 Denial Of Service",
  "children": [
    {
      "size": 7,
      "name": "Inbound Only",
      "children": [
        {
          "name": "ADMIN",
          "size": 1
        },
        {
          "name": "WEB",
          "size": 4
        },
        {
          "name": "DC",
          "size": 2
        }
      ]
    },
    {
      "size": 0,
      "name": "Outbound Only",
      "children": []
    },
    {
      "size": 9,
      "name": "two way",
      "children": [
        {
          "name": "ADMIN",
          "size": 9
        }
      ]
    }
  ]
}