{
  "name": "10.13.77.49",
  "time": "0410",
  "children": [
    {
      "name": "DoS attack port 80",
      "children": [
        {
          "name": "Administrator",
          "impact": 2
        },
        {
          "name": "WEB01",
          "impact": 2
        }
      ]
    },
    {
      "name": "RDP Scanning 3389",
      "children": [
        {
          "name": "Administrator",
          "impact": 2
        },
        {
          "name": "WEB01A",
          "impact": 2
        },
        {
          "name": "Administrator",
          "impact": 2
        },
        {
          "name": "DC01",
          "impact": 2
        },
        {
          "name": "WEB01D",
          "impact": 3
        }
      ]
    },
    {
      "name": "Mail port 25",
      "impact": 2
    }
  ]
}