{"time": "20140404", "name": "10.6.6.7", "children": [{"impact": 0, "name": "Inbound Only", "children": [{"impact": 1, "name": "WEB03C.BIGMKT3.COM"}, {"impact": 1, "name": "MAIL03.BIGMKT3.COM"}, {"impact": 1, "name": "DC01.BIGMKT1.COM"}, {"impact": 1, "name": "WEB03A.BIGMKT3.COM"}, {"impact": 1, "name": "DC02.BIGMKT2.COM"}, {"impact": 1, "name": "WEB01B.BIGMKT1.COM"}, {"impact": 1, "name": "WEB02A.BIGMKT2.COM"}, {"impact": 1, "name": "DC03.BIGMKT3.COM"}, {"impact": 1, "name": "MAIL01.BIGMKT1.COM"}, {"impact": 1, "name": "WEB02B.BIGMKT2.COM"}, {"impact": 1, "name": "WEB01C.BIGMKT1.COM"}, {"impact": 1, "name": "WEB01A.BIGMKT1.COM"}, {"impact": 1, "name": "WEB03B.BIGMKT3.COM"}, {"impact": 1, "name": "WEB03.BIGMKT3.COM"}, {"impact": 1, "name": "WEB01D.BIGMKT1.COM"}]}, {"impact": 0, "name": "Outbound Only", "children": []}, {"impact": 0, "name": "two way", "children": [{"impact": 1, "name": "MAIL02.BIGMKT2.COM"}, {"impact": 1, "name": "WEB02.BIGMKT2.COM"}, {"impact": 1, "name": "WEB01.BIGMKT1.COM"}, {"impact": 1, "name": "WEB02L.BIGMKT2.COM"}]}]}